source,target,value,layer,wave,fragment
0,101,3,9,3,1
0,115,3,9,3,1
0,272,3,9,3,1
0,336,14,9,3,1
0,337,3,1,2,1
0,354,3,9,3,1
0,381,3,9,3,1
0,422,4,1,2,1
0,510,3,9,3,1
0,726,7,9,3,1
0,729,6,9,3,1
0,742,4,9,2,2
1,110,4,3,3,3
1,600,5,3,3,2
1,671,3,3,3,3
1,751,6,3,3,2
2,148,13,5,1,1
2,189,4,5,1,1
2,290,4,2,1,1
2,501,3,5,1,1
2,592,4,2,1,1
2,667,4,5,1,1
2,717,3,2,1,1
2,726,3,5,1,1
2,745,3,2,1,1
3,148,11,5,1,1
3,197,7,5,1,1
3,218,3,2,1,1
3,280,14,6,1,3
3,292,9,2,1,1
3,358,16,6,1,1
3,400,10,6,1,3
3,588,12,5,1,1
3,593,4,1,1,1
3,613,11,6,1,3
3,726,23,6,1,3
3,729,3,5,1,1
3,746,3,5,1,1
3,785,6,6,1,3
3,792,4,6,1,1
4,6,6,1,1,1
5,336,3,1,1,1
6,21,4,2,1,1
6,22,7,8,1,1
6,88,4,8,1,4
6,119,9,5,3,1
6,130,33,5,5,1
6,139,3,8,1,1
6,150,3,2,1,1
6,157,5,5,1,1
6,163,4,8,1,3
6,174,11,5,5,1
6,190,3,8,1,4
6,246,20,5,5,3
6,259,5,5,5,3
6,304,3,5,5,2
6,338,5,8,1,1
6,345,25,8,1,4
6,360,110,8,1,4
6,433,3,1,1,1
6,439,5,8,1,1
6,526,3,5,5,1
6,555,5,8,1,2
6,602,5,5,5,3
6,631,99,8,1,4
6,667,12,5,5,3
6,782,3,1,1,1
7,48,6,2,2,6
7,311,6,2,2,2
7,696,3,2,2,5
7,781,4,2,2,1
8,50,7,5,1,3
8,56,4,2,1,2
8,60,17,5,1,3
8,151,5,5,1,1
8,186,4,2,1,1
8,205,4,1,1,1
8,210,27,5,1,1
8,252,6,1,1,1
8,254,10,2,1,1
8,262,4,1,1,1
8,463,7,2,1,1
8,493,11,2,1,1
8,626,5,1,1,1
8,696,20,5,1,3
8,744,20,5,1,3
9,602,3,1,1,1
10,46,5,2,1,1
10,64,4,9,2,1
10,91,4,2,1,1
10,95,3,3,1,1
10,115,3,9,2,1
10,162,4,1,1,1
10,189,15,9,2,1
10,194,3,1,1,1
10,242,3,3,1,1
10,336,37,9,2,1
10,354,6,9,2,1
10,357,3,9,2,1
10,527,3,1,1,1
10,588,14,9,1,1
10,602,35,9,2,1
10,623,4,1,1,1
10,726,9,9,2,1
10,729,26,9,2,1
10,746,3,3,1,1
11,228,3,1,2,1
11,235,3,1,1,1
11,273,3,1,2,1
11,573,4,1,1,1
12,64,3,8,1,2
12,70,3,8,1,1
12,145,4,8,1,2
12,148,30,8,1,2
12,183,6,8,1,1
12,261,5,8,1,1
12,351,26,8,1,2
12,366,9,8,1,2
12,562,3,1,1,1
12,570,23,8,1,1
13,96,3,3,1,1
13,115,3,3,1,1
13,155,3,1,1,1
13,726,7,3,1,1
14,279,3,2,1,1
14,360,5,2,1,1
14,575,3,1,1,1
15,89,7,2,2,1
15,296,3,2,1,1
15,355,6,1,1,1
15,474,3,2,2,1
16,428,3,2,1,1
16,442,3,2,1,1
17,53,4,5,3,1
17,138,4,5,2,1
17,160,14,5,3,1
17,392,3,1,1,1
17,584,3,5,3,1
17,640,4,5,3,1
17,667,9,5,3,1
18,198,13,3,4,1
18,442,7,3,3,1
18,461,16,3,4,1
18,520,3,3,1,4
18,633,4,3,4,1
19,338,3,2,1,1
19,726,4,2,1,1
20,160,5,2,1,2
20,454,5,2,1,1
20,667,3,2,1,3
21,39,5,4,1,2
21,402,7,4,1,1
21,453,3,2,1,1
21,479,7,4,1,1
21,531,8,4,1,1
21,616,6,4,1,1
21,631,8,2,1,2
22,88,3,8,1,1
22,259,3,5,3,1
22,279,4,5,2,1
22,338,13,8,1,1
22,345,13,8,1,1
22,354,4,5,3,1
22,360,63,8,1,1
22,439,6,8,1,1
22,555,4,8,1,1
22,559,4,5,3,1
22,575,5,5,1,1
22,631,12,8,1,1
22,667,3,5,3,1
22,726,15,5,3,1
23,189,11,5,1,1
23,293,6,5,1,1
23,368,8,5,1,1
23,602,4,5,1,1
23,709,3,5,1,1
24,201,4,1,1,1
24,357,3,1,2,1
25,360,13,3,1,1
25,464,6,3,1,1
25,653,5,3,1,1
26,50,18,3,1,1
26,373,5,3,1,1
26,667,5,3,1,1
27,48,6,2,1,1
27,288,4,2,1,1
28,336,6,2,2,1
28,393,10,2,1,1
28,422,4,2,2,1
29,48,9,9,5,13
29,115,4,9,5,13
29,121,4,9,5,14
29,185,3,9,5,14
29,237,3,2,1,1
29,258,10,9,5,3
29,314,3,2,2,1
29,327,4,9,5,14
29,336,3,9,5,12
29,354,7,9,5,13
29,472,5,9,5,14
29,510,6,9,5,1
29,542,3,9,5,14
29,568,5,9,5,14
29,617,3,9,5,3
29,632,5,9,5,13
29,700,5,9,5,14
29,729,8,9,4,3
29,740,10,2,1,1
29,790,5,2,2,1
30,510,3,2,1,1
30,564,4,2,1,1
31,160,4,1,2,1
31,192,4,1,1,1
31,239,3,1,1,1
32,38,10,5,1,1
32,227,11,5,1,1
32,499,4,5,1,1
32,679,8,5,1,1
32,725,4,5,1,1
33,48,15,5,11,1
33,78,4,5,10,1
33,257,9,5,11,1
33,293,7,5,11,1
33,323,3,2,1,1
33,399,22,5,11,1
33,632,3,5,5,1
33,647,6,2,1,1
33,708,12,5,11,1
34,73,4,4,1,3
34,247,6,4,1,1
34,291,6,1,1,1
34,310,7,4,1,1
34,538,10,4,1,1
34,682,6,4,1,3
34,789,5,4,1,1
35,127,5,4,1,1
35,244,13,4,1,1
35,564,21,4,1,1
35,691,4,4,1,1
36,480,5,1,1,1
37,38,28,5,1,7
37,49,11,5,1,7
37,61,4,3,1,1
37,106,7,3,1,1
37,178,44,5,1,6
37,199,3,5,1,7
37,499,5,5,1,5
37,509,13,3,1,1
37,510,3,5,1,6
38,49,19,5,1,7
38,61,5,3,1,1
38,112,8,2,1,1
38,178,26,5,1,6
38,199,3,5,1,7
38,219,3,1,1,1
38,227,18,5,1,3
38,240,11,2,1,2
38,465,3,2,1,1
38,487,3,2,1,1
38,499,16,5,1,5
38,509,5,3,1,1
38,510,3,5,1,6
38,564,8,3,1,1
38,594,3,1,2,1
38,679,10,5,1,1
38,703,3,1,1,1
38,725,4,5,1,3
39,402,3,4,1,1
39,453,3,1,1,1
39,479,3,4,1,1
39,531,5,4,1,1
39,616,4,4,1,1
40,45,3,1,1,1
40,50,3,3,1,1
40,489,4,3,1,1
40,596,3,1,2,1
40,667,7,3,1,1
41,632,3,1,1,1
42,206,6,3,1,1
42,285,4,3,1,1
42,635,4,3,1,1
43,360,3,1,1,1
44,70,25,3,2,1
44,148,29,3,3,1
44,326,3,3,3,1
44,350,3,1,1,1
44,366,13,3,3,1
44,387,3,2,1,1
44,469,7,3,1,1
44,588,7,2,1,1
46,242,9,2,2,1
46,406,3,2,2,1
46,588,3,2,1,1
46,658,4,1,1,1
47,574,3,1,1,1
48,69,3,1,1,1
48,77,3,9,1,1
48,78,28,9,3,1
48,81,10,5,1,1
48,89,40,9,5,10
48,92,5,2,1,2
48,98,10,2,1,1
48,101,4,9,4,1
48,110,8,13,1,1
48,115,25,13,1,1
48,121,8,9,5,13
48,157,5,5,1,1
48,161,8,2,1,1
48,165,3,2,1,1
48,172,4,1,1,1
48,185,6,9,5,13
48,189,46,13,1,1
48,200,4,5,8,2
48,237,82,5,11,1
48,257,9,5,11,2
48,258,10,13,1,1
48,288,3,2,1,1
48,290,7,2,1,1
48,293,17,5,11,1
48,314,76,5,2,1
48,327,8,9,5,13
48,336,13,13,1,1
48,339,25,5,1,1
48,348,14,9,1,1
48,354,53,13,1,1
48,360,71,9,5,11
48,368,12,9,5,9
48,384,17,2,1,1
48,386,3,2,1,1
48,399,24,5,11,2
48,409,31,5,1,1
48,429,4,1,1,1
48,439,3,5,11,3
48,464,4,5,11,3
48,466,9,1,1,1
48,472,7,9,5,13
48,484,39,9,5,1
48,495,24,5,1,1
48,499,13,9,5,3
48,501,17,5,10,1
48,532,4,1,1,1
48,538,3,13,1,1
48,542,14,9,5,13
48,547,3,1,1,1
48,568,10,9,5,13
48,573,5,9,1,1
48,577,7,1,1,1
48,598,20,9,5,7
48,600,44,13,1,1
48,602,17,13,1,1
48,607,3,9,5,9
48,617,21,9,5,3
48,619,13,5,2,1
48,632,58,13,1,1
48,633,155,13,1,1
48,683,29,2,2,5
48,686,4,2,1,1
48,692,5,2,1,1
48,696,7,9,5,8
48,699,21,5,9,1
48,700,5,9,5,13
48,708,24,5,11,1
48,709,6,5,1,3
48,710,5,9,5,9
48,726,11,13,1,1
48,729,13,13,1,1
48,732,6,1,1,1
48,740,6,5,4,1
48,743,4,5,1,1
48,749,20,2,1,1
48,759,10,2,3,1
48,761,15,2,3,1
48,775,3,5,1,1
48,790,32,5,10,5
48,791,6,1,1,1
49,115,3,5,1,9
49,178,3,5,1,6
49,227,3,5,1,3
49,240,6,1,1,1
49,354,6,5,1,9
49,499,22,5,1,5
49,633,3,5,1,9
50,60,15,5,2,1
50,123,4,2,1,2
50,151,5,5,1,1
50,210,23,5,1,1
50,224,8,5,2,1
50,249,3,5,1,1
50,264,3,3,1,1
50,274,3,3,1,4
50,373,15,3,1,1
50,556,8,3,1,1
50,582,3,2,1,1
50,602,4,5,2,1
50,608,7,3,1,4
50,611,3,1,1,1
50,667,16,5,2,1
50,678,3,2,1,1
50,696,48,5,2,1
50,714,3,1,1,1
50,720,16,3,1,1
50,724,3,3,1,1
50,744,10,5,1,4
50,764,3,3,1,5
51,197,3,1,1,1
52,115,9,5,7,1
52,272,3,5,1,1
52,295,5,5,7,2
52,411,3,1,1,1
52,442,5,5,6,1
52,516,3,5,7,2
52,535,3,5,7,1
52,667,3,5,7,2
52,710,3,5,7,2
53,160,21,5,11,8
53,360,4,5,11,6
53,392,5,3,1,1
53,464,9,5,11,7
53,544,5,3,1,1
53,629,3,3,1,1
53,640,19,5,11,8
53,648,3,5,11,7
53,667,25,5,11,8
54,667,6,1,1,1
55,788,5,1,1,1
56,60,3,1,1,1
56,210,4,2,1,2
56,744,4,2,1,2
57,115,8,3,1,1
57,633,3,3,1,1
57,726,3,3,1,1
58,220,4,1,1,1
58,541,3,1,3,1
58,726,16,1,3,1
59,96,7,3,1,1
59,115,7,3,1,1
59,213,10,3,1,1
60,110,3,5,5,1
60,151,3,5,1,1
60,189,7,5,5,1
60,210,23,5,1,1
60,600,11,5,5,1
60,602,8,5,5,1
60,667,8,5,5,1
60,696,30,5,3,1
60,729,4,5,4,2
60,744,17,5,1,4
61,87,3,9,3,1
61,178,11,9,2,1
61,240,3,1,1,1
61,258,3,9,3,1
61,336,8,9,3,1
61,354,11,9,3,1
61,411,10,9,2,1
61,440,3,9,1,1
61,472,3,9,3,1
61,499,4,9,3,1
61,519,7,9,3,1
61,584,3,3,1,1
61,632,3,9,3,1
61,726,15,9,3,1
62,187,5,1,1,1
62,631,11,1,2,1
63,348,5,3,2,1
63,573,5,3,2,1
63,610,4,2,1,1
63,617,3,2,1,1
63,667,3,3,1,8
63,696,17,3,2,1
64,70,14,8,1,1
64,72,4,3,1,8
64,84,3,4,1,1
64,87,3,9,4,1
64,115,17,9,5,5
64,145,18,8,1,3
64,148,83,9,1,1
64,189,28,9,5,5
64,223,5,4,1,1
64,242,5,3,1,1
64,244,4,4,1,3
64,256,3,2,1,1
64,261,6,8,1,1
64,266,8,3,1,7
64,303,42,8,1,3
64,336,8,9,5,5
64,351,3,8,1,3
64,354,13,9,5,5
64,357,4,9,5,3
64,366,5,8,1,3
64,383,8,3,1,8
64,396,3,1,1,1
64,472,3,9,5,5
64,477,8,8,1,1
64,538,7,9,4,1
64,552,8,9,1,1
64,564,22,4,1,3
64,584,13,3,1,2
64,586,7,4,1,1
64,588,3,9,1,1
64,602,51,9,5,4
64,632,3,9,5,5
64,633,3,9,5,5
64,655,21,8,1,3
64,668,3,3,1,1
64,726,3,9,5,5
64,742,15,9,2,2
64,766,3,1,1,1
64,783,3,2,1,1
65,148,4,1,1,1
66,160,4,1,1,1
67,140,4,5,1,1
67,187,3,5,1,1
67,190,4,5,1,1
67,259,4,5,1,1
67,631,3,5,1,1
68,250,7,3,3,1
68,303,3,3,3,2
68,329,3,3,3,1
68,663,5,3,3,2
70,72,4,3,2,1
70,148,46,8,1,1
70,303,11,8,1,1
70,326,8,3,2,1
70,350,3,8,1,1
70,351,3,8,1,1
70,366,22,8,1,1
70,528,8,1,1,1
70,564,3,3,1,4
70,655,3,8,1,1
71,573,5,2,1,1
71,696,4,2,1,1
72,145,13,3,1,6
72,148,24,3,3,4
72,303,3,3,3,3
72,376,3,3,1,1
72,536,3,3,3,3
72,723,5,3,1,1
72,726,4,3,3,1
73,247,3,4,1,1
73,310,5,4,1,1
73,538,5,4,1,1
73,682,4,4,1,3
74,148,3,3,2,2
74,280,4,3,2,1
74,482,4,3,2,1
74,726,7,3,2,2
75,503,3,1,1,1
75,640,4,1,1,1
76,297,3,2,2,3
76,403,3,2,1,1
76,674,3,2,2,1
76,696,7,2,2,4
77,89,9,9,1,1
77,115,3,9,1,1
77,341,3,3,1,1
77,345,17,3,1,1
77,360,48,9,1,1
77,419,7,9,1,1
77,439,3,3,1,1
77,600,7,9,1,1
77,602,6,9,1,1
77,696,4,9,1,1
77,726,8,9,1,1
77,758,3,2,1,1
77,790,4,2,1,1
78,110,3,9,3,1
78,189,3,9,3,1
78,237,4,5,10,1
78,258,9,9,3,1
78,293,7,5,10,1
78,332,4,1,2,1
78,336,7,9,3,1
78,354,3,9,3,1
78,399,14,5,10,1
78,411,5,9,2,1
78,445,5,1,3,1
78,602,5,9,3,1
78,632,18,9,3,1
78,633,4,9,3,1
78,699,39,5,9,1
78,708,4,5,10,1
79,89,4,3,1,1
79,607,4,3,1,1
79,696,3,3,1,1
80,360,3,2,1,1
80,788,3,2,1,1
81,95,5,5,1,1
81,339,12,5,1,1
81,619,17,5,1,1
81,790,3,5,1,1
82,218,3,1,1,1
83,345,3,1,1,1
84,148,3,4,1,1
84,303,5,4,1,1
84,691,3,4,1,1
85,115,7,3,2,4
85,391,3,3,1,1
85,442,6,3,2,5
85,567,4,3,2,1
85,687,3,3,2,5
86,336,4,1,1,1
87,115,23,9,4,1
87,272,5,9,3,1
87,336,9,9,4,1
87,354,14,9,4,1
87,411,5,9,2,1
87,472,31,9,4,1
87,519,8,9,4,1
87,520,3,1,1,1
87,633,14,9,4,1
87,688,3,1,1,1
87,710,14,9,4,1
87,726,14,9,4,1
88,114,8,2,2,1
88,139,3,8,1,1
88,163,5,8,1,3
88,174,4,2,1,1
88,190,12,8,1,4
88,304,3,2,2,1
88,338,10,8,1,1
88,345,16,8,1,4
88,360,60,8,1,4
88,439,5,8,1,1
88,523,28,8,1,1
88,631,10,8,1,4
88,635,3,3,1,1
88,667,3,3,1,1
88,715,5,3,1,1
88,765,5,2,1,1
89,100,14,2,1,1
89,110,24,9,5,3
89,115,6,9,5,10
89,117,3,2,1,1
89,128,5,3,1,1
89,132,10,2,1,3
89,175,5,3,1,4
89,189,34,9,5,6
89,281,3,1,1,1
89,282,3,5,1,1
89,296,6,2,1,1
89,306,209,5,10,2
89,317,3,2,1,1
89,321,3,5,1,5
89,345,4,5,7,1
89,354,6,9,5,10
89,355,112,5,10,3
89,357,7,9,5,3
89,360,90,9,5,10
89,361,3,5,8,4
89,368,11,9,5,9
89,369,4,2,1,1
89,397,5,2,1,1
89,419,116,9,5,5
89,460,123,5,10,3
89,474,11,2,2,1
89,501,38,5,10,1
89,518,42,5,10,1
89,538,3,9,4,1
89,546,3,1,1,1
89,573,7,9,1,1
89,583,3,2,1,1
89,584,3,5,8,1
89,596,4,5,8,5
89,597,4,2,1,1
89,598,129,9,5,7
89,600,169,9,5,1
89,602,11,9,5,4
89,607,40,9,5,9
89,631,11,5,10,3
89,633,25,9,5,8
89,666,3,3,1,4
89,672,4,2,1,1
89,696,64,9,5,8
89,710,8,9,5,9
89,726,31,9,5,8
89,752,5,3,1,1
89,753,12,5,1,1
89,781,6,5,9,1
89,790,3,5,10,3
90,360,3,1,2,1
90,713,3,1,1,1
91,189,19,5,2,1
91,421,4,5,1,1
91,538,14,5,2,1
91,597,3,2,1,1
91,598,3,5,2,1
91,600,3,5,2,1
91,602,5,5,2,1
92,98,6,2,1,1
92,686,4,2,1,1
93,633,8,2,1,1
93,644,4,2,1,1
94,110,3,1,1,1
95,110,53,13,1,1
95,115,8,13,1,1
95,122,4,1,1,1
95,126,12,5,8,1
95,141,8,2,1,2
95,168,21,3,1,1
95,177,7,5,5,1
95,191,3,5,5,2
95,195,4,3,1,1
95,200,6,5,8,1
95,203,8,3,1,1
95,237,6,5,8,1
95,324,17,5,4,3
95,325,8,2,1,1
95,336,111,13,1,1
95,347,4,1,1,1
95,354,4,13,1,1
95,411,6,13,1,1
95,426,3,5,4,2
95,467,17,3,1,1
95,502,6,3,1,1
95,541,36,5,4,1
95,553,4,3,1,1
95,567,3,3,1,4
95,574,8,5,8,1
95,584,37,13,1,1
95,599,3,3,1,1
95,600,5,13,1,1
95,602,3,13,1,1
95,617,11,5,8,1
95,632,12,13,1,1
95,633,24,13,1,1
95,639,4,1,1,1
95,646,9,3,1,4
95,667,5,13,1,1
95,701,5,3,1,1
95,710,3,5,7,4
95,726,7,13,1,1
95,729,3,13,1,1
95,740,4,5,4,1
95,748,3,2,1,1
95,756,3,3,1,1
95,773,5,2,1,1
96,110,6,9,5,1
96,115,23,9,5,1
96,120,8,1,1,1
96,213,3,3,1,4
96,258,4,9,5,1
96,330,7,9,1,1
96,354,12,9,5,1
96,408,7,5,1,1
96,440,8,9,1,1
96,444,4,5,1,1
96,510,4,9,5,1
96,541,20,5,1,1
96,607,4,9,5,1
96,644,3,5,1,1
96,645,3,3,1,1
96,667,3,9,5,1
96,702,5,3,1,1
96,710,7,9,5,1
96,726,137,9,5,1
96,729,7,9,4,3
96,739,11,3,1,4
96,742,12,9,2,2
96,772,5,5,1,1
97,437,6,3,1,1
97,503,4,3,1,1
97,640,5,3,1,1
99,138,3,1,1,1
99,196,3,1,2,1
99,270,5,2,1,1
99,584,7,2,1,2
99,667,3,2,1,3
100,460,3,2,1,1
101,110,29,9,4,1
101,159,3,2,1,1
101,191,24,9,4,1
101,193,3,1,1,1
101,204,7,5,1,1
101,313,5,5,1,1
101,336,29,9,4,1
101,422,4,2,1,1
101,426,10,9,4,1
101,504,3,5,1,1
101,596,4,5,1,1
101,600,27,9,4,1
101,628,3,5,1,1
101,696,6,9,4,1
101,726,4,9,4,1
101,729,10,9,4,1
101,751,7,9,2,1
102,738,5,1,1,1
103,513,4,1,4,1
103,633,6,1,5,1
104,140,3,1,1,1
105,244,3,4,1,1
105,417,3,1,1,1
105,468,7,4,1,1
105,564,7,4,1,1
105,691,4,4,1,1
106,178,11,3,1,1
106,258,4,1,1,1
106,509,5,3,1,1
107,663,3,1,1,1
108,696,4,1,1,1
109,696,3,1,1,1
110,115,30,13,2,1
110,126,9,5,8,1
110,133,3,3,3,4
110,134,6,2,1,1
110,146,5,3,1,1
110,166,9,3,1,4
110,176,3,1,1,1
110,189,88,13,2,1
110,191,42,9,4,2
110,200,5,5,8,1
110,207,3,3,1,1
110,282,16,5,1,1
110,313,27,5,5,4
110,324,3,5,4,3
110,336,59,13,2,1
110,344,5,3,1,1
110,349,13,3,3,1
110,354,11,13,2,1
110,357,11,9,5,3
110,360,14,9,5,3
110,361,14,5,8,1
110,411,6,13,1,3
110,414,3,5,5,3
110,419,14,9,5,3
110,426,55,9,5,1
110,431,6,3,2,1
110,442,4,9,5,1
110,444,6,5,4,1
110,449,3,5,5,1
110,455,5,1,1,1
110,456,3,5,7,1
110,485,3,1,1,1
110,494,9,3,3,1
110,496,3,1,1,1
110,504,3,5,2,1
110,538,31,13,2,1
110,574,6,5,8,1
110,580,5,2,1,2
110,584,55,13,2,1
110,596,12,5,8,1
110,598,6,9,5,3
110,599,7,3,1,1
110,600,128,13,2,1
110,601,3,5,4,1
110,602,27,13,2,1
110,606,3,2,1,1
110,607,28,9,5,3
110,617,10,9,5,3
110,622,7,3,3,1
110,628,6,5,2,1
110,633,32,13,2,1
110,666,3,3,1,8
110,667,24,13,2,1
110,671,5,3,3,3
110,689,8,5,5,1
110,696,14,9,5,3
110,726,69,13,2,1
110,728,4,3,1,4
110,729,21,13,2,1
110,736,3,3,1,1
110,739,5,3,2,1
110,742,10,13,2,1
110,748,13,2,1,1
110,751,38,9,2,1
110,762,10,3,2,1
110,772,5,5,1,1
111,189,7,2,1,1
111,584,3,2,1,1
111,709,6,1,1,1
112,227,5,2,1,1
113,541,3,1,1,1
114,130,3,1,1,1
114,360,3,2,1,3
114,523,8,2,2,1
115,121,3,9,5,13
115,126,6,5,7,1
115,148,3,9,1,1
115,178,3,9,2,1
115,179,18,3,2,2
115,185,16,9,5,13
115,189,91,13,2,1
115,197,4,5,1,10
115,199,4,5,1,8
115,213,14,3,1,6
115,229,3,5,1,1
115,233,3,1,1,1
115,258,21,13,1,2
115,272,24,9,3,1
115,295,4,5,7,1
115,301,3,2,2,2
115,302,35,5,2,1
115,327,34,9,5,13
115,330,4,9,1,1
115,336,130,13,2,1
115,337,3,3,1,1
115,338,13,9,3,1
115,353,13,3,2,1
115,354,173,13,2,1
115,357,7,9,5,3
115,360,7,9,5,11
115,368,5,9,5,9
115,381,24,9,4,1
115,393,38,9,2,1
115,411,24,13,1,3
115,426,9,9,5,1
115,428,26,9,5,1
115,432,3,5,1,1
115,435,5,2,1,1
115,440,4,9,1,1
115,442,79,9,5,1
115,446,3,1,1,1
115,462,5,2,2,1
115,472,46,9,5,13
115,478,4,3,1,1
115,481,5,2,1,1
115,484,3,9,5,1
115,499,19,9,5,3
115,510,9,9,5,1
115,513,11,5,6,2
115,516,9,5,7,1
115,517,15,3,1,1
115,519,37,9,4,1
115,520,30,5,3,1
115,538,27,13,2,1
115,542,9,9,5,13
115,549,3,2,1,1
115,552,34,13,1,1
115,567,30,9,2,1
115,568,16,9,5,13
115,581,3,1,2,1
115,584,12,13,2,1
115,588,8,9,1,1
115,600,15,13,2,1
115,602,134,13,2,1
115,603,4,2,2,1
115,632,19,13,1,1
115,633,95,13,2,1
115,638,5,3,1,1
115,641,9,2,1,1
115,644,9,5,2,1
115,667,42,13,2,1
115,684,46,5,7,1
115,687,4,3,2,4
115,688,3,5,1,3
115,700,11,9,5,13
115,710,111,9,5,9
115,726,209,13,2,1
115,729,57,13,2,1
115,733,13,3,1,1
115,742,53,13,2,1
115,743,4,5,1,1
115,747,3,2,1,1
115,751,5,9,2,1
115,769,5,5,5,1
116,726,10,1,1,1
117,474,4,2,1,1
118,644,4,2,1,1
118,726,8,2,1,1
118,742,4,1,1,1
119,345,6,5,3,1
119,360,9,5,3,1
119,395,9,5,1,1
119,559,3,5,3,1
119,631,10,5,3,1
119,657,8,5,2,1
120,726,5,1,2,1
120,772,3,1,1,1
121,185,3,9,5,14
121,258,4,9,5,3
121,327,3,9,5,14
121,354,3,9,5,13
121,472,3,9,5,14
121,542,4,9,5,14
121,568,7,9,5,14
121,632,3,9,5,13
121,700,5,9,5,14
121,761,6,1,1,1
123,249,5,2,1,1
123,667,6,2,1,3
124,336,3,2,1,1
124,375,4,2,1,1
125,148,13,2,1,3
125,245,5,2,1,1
125,564,3,2,1,2
126,189,3,5,8,1
126,336,32,5,8,1
126,600,11,5,8,1
126,726,13,5,7,1
127,148,3,4,1,1
127,244,5,4,1,1
127,377,3,1,1,1
127,564,7,4,1,1
128,175,3,3,1,1
128,607,4,3,1,1
129,140,6,2,1,1
129,631,3,2,1,1
130,304,6,5,5,1
130,360,30,5,5,1
130,490,4,5,4,1
130,631,9,5,5,1
130,667,3,5,5,1
131,148,7,4,1,1
131,183,9,4,1,1
131,275,7,4,1,1
131,560,6,4,1,1
132,246,3,2,1,1
132,306,4,1,1,1
132,460,3,2,1,2
133,260,5,3,4,1
133,430,5,3,4,1
133,538,6,3,1,1
133,601,7,3,4,1
133,739,4,3,2,1
134,584,3,2,1,1
135,136,5,1,1,1
135,645,9,2,1,1
135,726,6,2,1,1
137,667,3,1,1,1
138,160,5,5,2,1
138,584,3,5,2,1
138,667,18,5,2,1
138,726,3,5,2,1
138,742,3,5,1,1
139,163,18,8,1,1
139,190,3,8,1,1
139,360,14,8,1,1
139,523,6,8,1,1
139,555,3,8,1,1
139,631,10,8,1,1
139,640,3,2,1,1
139,667,5,2,1,1
140,171,6,2,1,1
140,187,7,5,6,1
140,190,6,5,5,1
140,246,24,5,8,1
140,259,3,5,6,1
140,345,30,5,7,1
140,355,3,5,8,1
140,360,36,5,8,1
140,439,10,5,8,1
140,631,48,5,8,1
140,698,4,5,1,1
140,715,3,2,1,1
141,325,15,2,1,1
141,643,4,2,1,1
142,160,14,5,9,1
142,464,7,5,9,1
142,530,8,1,1,1
142,554,17,5,2,1
142,584,4,5,8,1
142,602,4,5,7,5
142,640,3,5,9,1
142,648,6,5,9,1
142,667,21,5,9,1
143,264,4,1,1,1
143,274,4,1,1,1
144,237,3,1,2,1
144,389,4,1,1,1
144,690,3,1,1,1
145,148,65,8,1,5
145,183,3,8,1,1
145,261,6,8,1,1
145,266,4,3,1,6
145,298,7,3,1,1
145,303,14,8,1,4
145,329,10,8,1,5
145,350,5,8,1,5
145,351,9,8,1,3
145,366,10,8,1,4
145,477,4,8,1,1
145,548,3,2,1,1
145,564,5,3,1,4
145,570,4,8,1,1
145,630,3,2,1,1
145,655,9,8,1,4
146,431,3,3,1,1
146,600,3,3,1,1
147,178,3,2,1,1
147,510,3,2,1,1
148,150,3,2,1,1
148,178,3,9,1,1
148,180,18,3,3,2
148,183,123,8,1,1
148,189,5,9,1,1
148,208,8,1,1,1
148,212,3,1,1,1
148,223,19,4,1,1
148,244,15,4,2,1
148,245,8,2,1,1
148,261,25,8,1,1
148,266,10,3,1,7
148,275,12,4,1,3
148,298,5,3,1,1
148,303,96,8,1,4
148,326,36,5,1,3
148,329,73,8,1,5
148,350,65,8,1,5
148,351,39,8,1,3
148,358,6,5,1,3
148,366,161,8,1,4
148,387,16,2,1,1
148,424,3,1,1,1
148,427,3,1,1,1
148,428,3,9,1,1
148,450,3,2,1,1
148,468,6,4,2,1
148,469,5,3,1,1
148,473,4,2,1,1
148,475,3,2,1,1
148,476,34,4,1,1
148,477,63,8,1,1
148,482,3,3,2,1
148,528,4,1,2,1
148,536,4,3,3,3
148,543,4,3,3,1
148,551,14,2,1,1
148,557,5,3,1,1
148,558,6,2,1,3
148,560,18,4,1,3
148,561,11,1,1,1
148,562,5,2,1,4
148,564,58,4,2,1
148,570,22,8,1,1
148,586,19,4,1,1
148,588,27,9,1,1
148,589,5,1,1,1
148,602,26,9,1,1
148,655,33,8,1,4
148,663,3,3,3,3
148,681,4,2,1,1
148,691,4,4,2,1
148,726,17,9,1,1
148,742,8,9,1,1
148,744,7,5,1,3
148,746,55,5,1,3
148,783,29,2,1,2
148,793,4,1,1,1
149,648,3,1,1,1
151,607,3,5,1,1
151,696,7,5,1,1
152,188,4,3,1,1
152,360,4,3,1,1
152,559,5,3,1,1
153,246,10,5,10,5
153,360,6,5,11,1
153,439,15,5,11,1
153,464,3,5,11,1
153,667,5,5,11,1
153,737,12,5,11,1
154,267,3,3,1,1
154,573,7,3,3,1
154,656,7,3,3,2
154,661,4,3,3,2
154,696,5,3,3,1
156,311,3,2,2,1
156,340,3,2,2,1
156,751,3,2,1,1
157,246,7,5,1,1
157,360,6,5,1,1
157,394,4,1,1,1
157,631,26,5,1,1
158,189,3,2,1,1
158,716,3,2,1,1
159,204,3,2,2,1
159,336,12,2,2,1
160,167,9,5,3,1
160,189,4,5,8,6
160,192,19,5,1,1
160,231,4,1,3,1
160,248,9,1,1,1
160,268,3,2,1,1
160,328,3,1,1,1
160,354,10,5,11,1
160,382,4,3,1,1
160,392,8,3,1,1
160,404,3,2,1,1
160,447,5,2,1,1
160,458,3,1,1,1
160,464,64,5,11,7
160,480,3,2,1,1
160,544,6,3,1,1
160,554,24,5,2,1
160,584,6,5,8,1
160,600,3,5,10,2
160,604,4,5,3,1
160,629,41,3,1,4
160,640,6,5,11,8
160,648,9,5,11,7
160,667,131,5,11,8
160,677,3,3,1,4
160,781,32,5,9,1
161,692,3,2,1,1
163,190,3,8,1,3
163,338,3,8,1,1
163,360,4,8,1,3
163,523,4,8,1,1
163,555,4,8,1,2
163,631,14,8,1,3
164,468,3,1,1,1
165,189,4,2,1,1
166,191,8,3,1,1
166,600,4,3,1,4
166,736,9,3,1,1
167,360,5,5,3,1
167,464,4,5,3,1
167,554,3,5,2,1
167,584,3,5,3,1
167,667,31,5,3,1
168,211,3,1,1,1
168,336,3,3,1,1
168,541,9,1,2,1
168,584,3,3,1,1
169,360,3,1,2,1
169,635,5,1,1,1
170,319,3,1,1,1
170,691,4,1,1,1
171,631,4,2,1,1
173,645,10,1,1,1
174,345,4,5,5,1
174,360,47,5,5,1
174,434,6,2,1,1
174,439,3,5,5,1
174,559,6,5,4,1
174,667,4,5,5,1
175,403,3,2,1,1
175,419,7,2,1,1
175,489,3,3,1,6
175,573,3,3,1,6
175,607,4,3,1,1
177,354,22,5,5,1
177,415,3,1,1,1
177,481,8,1,2,1
177,538,4,5,3,1
177,633,39,5,4,2
177,667,3,5,5,1
177,726,14,5,5,1
177,769,3,5,5,1
178,199,3,5,1,6
178,258,11,9,2,1
178,499,15,9,2,1
178,508,7,2,1,1
178,509,12,3,1,1
178,510,14,9,2,1
178,564,4,3,1,1
178,602,3,9,2,1
178,725,6,5,1,3
178,726,13,9,2,1
178,729,4,9,2,1
178,742,4,9,2,1
178,746,3,5,1,5
179,353,8,3,2,1
179,442,3,3,2,2
179,520,3,3,1,4
179,567,3,3,2,1
179,684,6,1,1,1
180,183,5,3,3,1
180,329,14,3,3,1
180,350,11,1,1,1
180,366,3,3,3,2
180,746,3,3,2,1
181,475,3,1,1,1
182,664,3,2,1,1
182,696,3,2,1,1
183,275,9,4,1,1
183,326,16,3,3,1
183,329,12,8,1,1
183,350,5,8,1,1
183,351,7,8,1,1
183,356,3,2,1,1
183,366,28,8,1,1
183,476,12,4,1,1
183,511,11,2,1,1
183,543,4,3,3,1
183,560,13,4,1,1
183,562,3,2,1,5
183,570,4,8,1,1
183,590,5,1,1,1
183,602,3,2,1,6
183,746,26,3,2,1
184,715,3,1,1,1
185,258,21,9,5,3
185,327,16,9,5,14
185,354,9,9,5,13
185,472,16,9,5,14
185,542,16,9,5,14
185,568,23,9,5,14
185,632,10,9,5,13
185,700,12,9,5,14
185,761,3,1,1,1
186,608,3,1,1,1
186,744,3,2,1,1
187,190,5,5,5,1
187,259,12,5,6,1
187,345,4,5,6,1
187,360,13,5,6,1
187,631,6,5,6,1
188,360,10,3,1,15
188,559,8,3,1,14
188,673,4,3,1,15
189,191,3,9,4,2
189,224,4,5,8,4
189,237,3,5,8,6
189,242,3,2,2,3
189,258,13,13,1,2
189,293,5,5,8,6
189,300,4,2,2,2
189,317,3,2,1,1
189,327,11,9,5,6
189,333,4,1,1,1
189,336,33,13,2,1
189,338,11,9,3,1
189,354,41,13,2,1
189,357,51,9,5,3
189,360,65,9,5,6
189,368,32,9,5,6
189,371,5,1,1,1
189,411,12,13,1,3
189,419,19,9,5,5
189,421,19,5,1,1
189,426,12,9,5,1
189,448,3,1,1,1
189,449,3,5,5,1
189,484,11,9,5,1
189,495,3,5,1,1
189,538,85,13,2,1
189,545,4,1,1,1
189,552,36,13,1,1
189,573,4,9,1,1
189,578,4,2,1,1
189,584,38,13,2,1
189,588,10,9,1,1
189,596,4,5,8,5
189,598,15,9,5,6
189,600,46,13,2,1
189,602,334,13,2,1
189,607,7,9,5,6
189,617,5,9,5,3
189,632,14,13,1,1
189,633,43,13,2,1
189,667,32,13,2,1
189,683,6,2,2,4
189,696,31,9,5,6
189,705,7,1,1,1
189,709,15,5,1,3
189,716,5,2,2,1
189,717,3,2,1,1
189,719,4,1,1,1
189,726,40,13,2,1
189,729,18,13,2,1
189,741,4,1,1,1
189,742,64,13,2,1
189,743,12,5,1,1
189,768,4,2,1,1
189,778,3,2,2,1
189,780,3,1,1,1
189,781,4,5,8,6
190,202,8,1,2,1
190,246,3,5,5,1
190,259,13,5,5,1
190,304,4,5,5,1
190,338,4,8,1,1
190,345,9,8,1,4
190,360,41,8,1,4
190,490,3,5,4,1
190,523,3,8,1,1
190,555,5,8,1,2
190,631,19,8,1,4
190,635,3,5,3,1
190,757,3,1,1,1
191,200,3,5,5,2
191,204,11,5,1,1
191,217,3,2,1,1
191,313,21,5,5,2
191,327,4,9,4,2
191,336,35,9,4,2
191,375,4,2,1,1
191,414,4,5,5,2
191,426,5,9,4,2
191,449,8,5,5,1
191,538,4,9,4,1
191,600,51,9,4,2
191,622,19,3,1,1
191,628,5,5,2,1
191,689,3,5,5,1
191,710,4,9,4,2
191,728,3,3,1,1
191,729,11,9,4,2
191,751,13,9,2,1
192,554,9,5,1,1
192,602,3,5,1,1
192,648,3,5,1,1
192,667,6,5,1,1
193,336,9,3,1,1
193,628,5,3,1,1
193,754,8,3,1,1
195,467,3,3,1,1
195,502,4,3,1,1
196,670,3,1,1,1
197,258,7,1,2,1
197,336,4,5,1,10
197,510,9,5,1,6
197,588,13,5,1,2
197,726,6,5,1,10
197,729,3,5,1,10
198,442,5,3,3,1
198,461,18,3,4,1
198,633,5,3,4,1
198,687,3,3,2,6
199,510,7,5,1,6
199,726,4,5,1,8
200,336,6,5,8,2
200,600,9,5,8,2
200,617,3,5,8,2
200,729,3,5,4,2
200,751,6,1,1,1
202,285,3,3,1,1
202,308,4,3,1,1
202,338,4,1,1,1
202,360,15,3,1,1
203,584,3,3,1,1
203,599,3,3,1,1
204,217,3,2,1,1
204,238,5,2,2,1
204,336,8,5,1,1
204,628,4,5,1,1
204,729,3,5,1,1
206,285,3,3,1,1
206,635,3,3,1,1
207,426,3,3,1,1
207,739,3,3,1,1
209,263,7,2,1,1
209,360,4,2,1,1
209,675,3,1,1,1
210,316,4,3,1,1
210,322,3,2,1,1
210,506,4,3,1,1
210,563,3,2,1,1
210,582,6,2,1,1
210,608,4,3,1,1
210,636,3,1,1,1
210,696,4,5,1,1
210,744,50,5,1,1
213,567,7,3,1,6
214,696,6,1,1,1
215,365,8,1,1,1
215,633,3,1,2,1
216,511,4,1,1,1
218,358,4,2,1,1
221,307,6,1,1,1
221,696,3,1,2,1
222,360,4,1,2,1
222,490,5,1,1,1
223,256,4,2,1,1
223,303,12,4,1,1
223,586,5,4,1,1
223,655,12,2,1,1
224,336,3,5,8,3
224,361,4,5,8,4
224,596,4,5,8,4
224,600,5,5,8,4
224,604,3,5,3,1
224,617,3,5,8,3
225,726,3,1,1,1
226,345,4,1,1,1
226,758,13,2,1,1
226,767,12,2,1,1
227,240,5,2,1,3
227,499,5,5,1,3
227,508,3,2,1,2
227,679,8,5,1,1
227,725,5,5,1,3
228,492,5,1,1,1
229,354,10,5,1,1
229,405,3,1,1,1
229,411,9,1,2,1
229,633,5,5,1,1
229,726,11,5,1,1
229,769,3,5,1,1
230,336,3,1,1,1
231,677,3,1,3,1
232,277,4,3,1,1
232,332,4,3,1,1
232,360,3,3,1,1
234,349,3,1,1,1
234,677,3,1,2,1
236,253,3,2,1,1
236,360,3,2,1,1
237,257,3,5,11,1
237,293,8,5,11,1
237,314,53,5,2,1
237,339,4,5,1,1
237,399,9,5,11,1
237,409,17,5,1,1
237,471,3,1,1,1
237,602,3,5,7,5
237,632,5,5,5,1
237,699,8,5,9,1
237,708,10,5,11,1
237,773,3,2,1,1
237,775,3,5,1,1
237,790,8,5,10,5
238,336,7,2,2,2
238,729,3,2,2,1
240,499,9,2,1,1
241,693,3,1,1,1
242,336,4,3,1,1
242,406,3,2,2,2
242,522,3,2,2,1
242,602,4,2,1,7
243,360,5,1,2,1
243,579,3,1,1,1
244,303,4,4,1,3
244,468,4,4,2,1
244,564,49,4,2,1
244,691,3,4,2,1
246,355,3,5,10,3
246,360,33,5,10,5
246,385,7,2,1,1
246,439,9,5,10,5
246,460,3,5,10,3
246,464,7,5,10,5
246,631,84,5,10,4
246,657,3,5,2,1
247,310,6,4,1,1
247,426,3,1,1,1
247,682,4,4,1,1
249,360,3,5,1,1
249,373,3,2,1,1
249,439,3,5,1,1
249,464,3,5,1,1
249,667,9,5,1,1
250,303,5,3,3,1
250,383,4,3,2,1
250,663,6,3,3,1
251,755,3,1,1,1
253,360,3,2,1,1
254,744,3,2,1,1
255,469,3,1,1,1
256,558,5,2,1,2
257,293,4,5,11,1
257,399,12,5,11,2
257,699,3,5,9,1
257,708,4,5,11,1
258,297,3,2,2,1
258,327,17,9,5,3
258,336,15,13,1,2
258,354,12,13,1,2
258,411,10,13,1,2
258,449,6,2,1,1
258,472,16,9,5,3
258,510,42,9,5,1
258,538,3,13,1,2
258,542,16,9,5,3
258,552,6,13,1,1
258,567,6,9,2,1
258,568,25,9,5,3
258,600,4,13,1,2
258,602,4,13,1,2
258,632,31,13,1,1
258,633,5,13,1,2
258,700,17,9,5,3
258,726,30,13,1,2
258,729,20,13,1,2
258,761,5,2,2,1
259,279,6,5,2,1
259,345,13,5,6,1
259,360,64,5,6,1
259,378,5,5,2,2
259,526,4,5,5,1
259,555,63,5,2,1
259,631,57,5,6,1
259,657,3,5,2,1
259,706,10,1,1,1
260,430,9,3,4,2
260,601,4,3,4,1
260,633,3,3,4,2
261,303,3,8,1,1
261,329,4,8,1,1
261,366,4,8,1,1
261,655,6,8,1,1
263,342,3,2,1,1
263,360,5,2,1,2
264,274,5,3,1,1
264,413,5,3,1,1
265,538,3,1,1,1
266,298,4,3,1,1
266,351,5,2,1,1
266,655,3,2,1,1
267,661,7,3,1,1
267,696,3,3,1,1
268,464,4,2,1,1
269,726,7,1,1,1
270,584,7,2,1,1
271,601,3,2,1,1
271,693,5,2,1,1
272,295,6,5,1,1
272,330,4,9,1,1
272,337,4,1,1,1
272,354,4,9,3,1
272,408,5,5,1,1
272,428,3,9,3,1
272,442,5,9,3,1
272,516,4,5,1,1
272,552,12,9,1,1
272,567,4,9,2,1
272,633,3,9,3,1
272,688,5,5,1,1
272,710,4,9,3,1
272,726,3,9,3,1
273,764,4,1,1,1
274,413,3,3,1,4
274,556,3,3,1,1
274,720,3,3,1,1
275,476,3,4,1,1
275,560,11,4,1,3
275,570,3,1,1,1
276,738,8,1,1,1
277,332,3,3,1,1
277,360,4,3,1,1
278,360,4,1,1,1
279,360,26,5,2,1
279,555,8,5,2,1
279,575,3,5,1,1
279,631,6,5,2,1
279,706,6,2,1,1
280,326,3,3,2,1
280,358,13,6,1,1
280,400,4,6,1,3
280,543,3,3,2,1
280,557,5,3,1,1
280,613,26,6,1,3
280,726,54,6,1,3
280,785,4,6,1,3
280,792,5,6,1,1
282,419,4,5,1,1
282,600,13,5,1,1
282,696,7,5,1,1
282,762,3,1,1,1
283,354,3,2,1,1
283,726,5,2,1,1
284,607,3,1,1,1
285,308,5,3,1,1
285,360,18,5,1,1
285,378,3,5,1,1
285,398,3,3,1,2
285,490,3,5,1,1
285,620,4,1,1,1
285,635,11,5,1,1
285,662,3,5,1,1
286,413,3,1,1,1
287,342,3,6,1,1
287,360,7,6,1,1
287,439,10,6,1,1
287,576,5,6,1,1
287,675,4,6,1,1
287,715,4,6,1,1
287,738,3,2,1,1
287,760,3,2,1,1
289,744,3,1,1,1
290,501,5,1,1,1
291,601,4,2,1,1
291,789,3,2,1,1
292,358,18,2,1,2
292,497,4,2,1,1
293,321,3,5,1,5
293,368,4,5,1,1
293,399,7,5,11,1
293,632,3,5,5,1
294,696,5,1,1,1
295,336,3,5,7,4
295,516,3,5,7,3
295,552,12,1,1,1
295,667,3,5,7,4
295,684,3,5,7,4
295,710,3,5,7,4
297,574,3,2,2,2
297,604,4,1,1,1
298,351,8,1,1,1
299,368,5,2,1,1
299,778,3,2,1,1
300,354,4,2,2,1
300,726,4,2,2,1
301,354,6,2,2,1
301,552,3,2,1,1
301,726,12,2,2,1
302,381,5,1,1,1
302,432,4,5,1,1
302,442,11,5,2,1
302,520,4,5,2,1
302,684,4,5,2,1
302,710,7,5,2,1
302,733,6,1,1,1
303,329,3,8,1,4
303,350,3,8,1,4
303,383,9,3,2,1
303,443,5,1,1,1
303,477,6,8,1,1
303,558,3,1,1,1
303,564,15,4,1,3
303,586,13,4,1,1
303,655,29,8,1,4
303,663,5,3,3,3
303,668,3,3,1,1
304,338,4,2,1,1
304,360,9,5,5,2
304,464,3,5,5,2
304,490,3,5,4,1
304,523,3,2,2,1
304,526,8,5,5,1
304,631,3,5,5,2
305,309,7,1,1,1
306,355,38,5,10,2
306,419,27,5,9,1
306,460,59,5,10,2
306,501,8,5,10,1
306,518,16,5,10,1
306,598,11,5,2,1
306,600,5,5,10,2
306,607,3,5,1,3
306,781,3,5,9,1
307,348,4,3,1,1
307,624,3,3,1,1
307,696,10,3,1,1
308,360,4,3,1,1
309,354,3,1,1,1
310,789,3,4,1,1
311,340,3,2,2,1
311,781,5,2,2,1
312,336,4,1,1,1
313,336,4,5,5,4
313,414,5,5,5,3
313,426,9,5,4,2
313,600,4,5,5,4
313,602,3,5,5,4
313,689,5,5,5,1
313,748,7,1,1,1
314,399,7,5,2,1
314,409,28,5,1,1
314,459,4,1,1,1
314,647,3,2,1,2
314,708,4,5,2,1
314,759,4,2,2,1
314,775,5,5,1,1
314,790,8,5,2,1
315,361,3,3,1,8
315,489,3,3,1,7
315,573,5,3,1,8
315,781,5,3,1,1
316,608,4,3,1,1
316,652,4,1,1,1
316,744,4,3,1,1
318,357,3,1,1,1
320,336,3,1,1,1
321,368,5,5,1,1
321,419,3,5,1,5
321,600,3,5,1,5
321,607,3,5,1,3
322,744,4,2,1,1
323,399,4,2,1,1
324,467,9,1,1,1
324,541,19,5,4,1
324,574,5,5,4,3
324,632,3,5,4,3
324,633,3,5,4,2
326,329,3,3,3,1
326,358,6,5,1,3
326,366,7,5,1,1
326,602,6,5,1,4
326,613,6,1,1,1
326,726,30,5,1,4
326,746,14,5,1,4
327,336,30,9,5,12
327,348,3,9,1,1
327,354,26,9,5,13
327,411,3,9,2,1
327,422,6,1,1,1
327,472,22,9,5,14
327,542,8,9,5,14
327,568,16,9,5,14
327,602,4,9,5,4
327,632,13,9,5,13
327,633,18,9,5,8
327,700,11,9,5,14
327,726,6,9,5,8
327,742,5,9,2,2
329,350,56,8,1,5
329,351,7,8,1,3
329,366,7,8,1,4
329,477,13,8,1,1
329,570,5,8,1,1
329,655,5,8,1,4
329,746,5,3,2,1
330,338,4,9,1,1
330,354,7,9,1,1
330,393,3,9,1,1
330,710,6,9,1,1
330,726,16,9,1,1
330,742,4,9,1,1
331,399,5,1,1,1
332,360,3,3,1,1
332,699,5,1,1,1
334,432,3,1,1,1
335,341,3,1,1,1
336,354,45,13,2,1
336,357,5,9,5,3
336,360,3,9,5,11
336,363,9,1,2,1
336,368,4,9,5,9
336,370,17,1,2,1
336,372,3,1,1,1
336,375,4,2,1,2
336,381,13,9,4,1
336,393,22,9,2,1
336,399,6,5,8,3
336,407,3,1,1,1
336,411,37,13,1,3
336,422,9,2,2,1
336,426,9,9,5,1
336,428,5,9,5,1
336,440,4,9,1,1
336,442,10,9,5,1
336,445,6,1,3,1
336,462,3,2,2,1
336,472,9,9,5,12
336,510,3,9,5,1
336,513,3,5,6,2
336,519,22,9,4,1
336,538,11,13,2,1
336,540,10,3,1,1
336,552,10,13,1,1
336,567,25,9,2,1
336,568,3,9,5,12
336,584,28,13,2,1
336,585,3,1,2,1
336,588,7,9,1,1
336,596,7,5,8,3
336,600,41,13,2,1
336,602,69,13,2,1
336,606,9,2,1,1
336,607,3,9,5,9
336,615,4,2,1,1
336,617,17,9,5,3
336,619,9,5,2,1
336,628,13,5,2,1
336,632,21,13,1,1
336,633,23,13,2,1
336,643,3,2,1,1
336,646,4,3,1,4
336,649,3,1,1,1
336,666,3,3,1,7
336,667,12,13,2,1
336,677,4,3,1,6
336,684,4,5,7,4
336,696,4,9,5,8
336,699,6,5,8,3
336,710,36,9,5,9
336,726,113,13,2,1
336,727,3,3,1,1
336,728,6,3,1,4
336,729,51,13,2,1
336,734,11,1,1,1
336,740,22,5,4,1
336,742,19,13,2,1
336,751,5,9,2,1
336,754,4,3,1,7
336,756,18,3,1,1
336,778,3,2,2,1
336,779,3,2,1,1
336,795,3,2,1,2
337,391,3,3,1,1
337,687,3,3,1,1
338,354,14,9,3,1
338,360,26,9,3,1
338,439,6,8,1,1
338,523,9,8,1,1
338,538,8,9,3,1
338,552,3,9,1,1
338,602,4,9,3,1
338,631,7,8,1,1
338,633,3,9,3,1
338,667,4,9,3,1
338,726,31,9,3,1
338,742,7,9,2,2
339,619,16,5,1,1
339,761,4,1,1,1
339,790,3,5,1,1
340,587,3,2,1,1
341,345,14,3,1,2
341,360,7,3,1,3
341,698,3,3,1,1
342,360,21,6,1,1
342,439,8,6,1,1
342,576,6,6,1,1
342,675,16,6,1,1
342,737,5,2,1,1
342,788,6,6,1,1
343,345,4,3,1,1
343,360,4,3,1,1
343,698,6,3,1,1
344,696,4,3,1,1
344,728,3,3,1,1
345,360,174,8,1,4
345,366,3,8,1,4
345,395,3,5,1,1
345,439,4,8,1,1
345,523,3,8,1,1
345,525,3,3,1,1
345,559,21,5,4,1
345,602,4,5,7,1
345,631,51,8,1,4
345,657,3,5,2,1
345,698,19,5,1,1
345,726,27,5,7,1
345,790,3,5,7,1
346,462,4,1,1,1
348,411,4,9,1,1
348,484,7,9,1,1
348,573,12,9,1,1
348,602,3,9,1,1
348,617,3,9,1,1
348,624,3,3,2,1
348,633,27,9,1,1
348,665,3,3,2,1
348,696,24,9,1,1
349,414,4,3,2,1
349,600,24,3,3,1
349,751,5,3,3,1
350,366,9,8,1,4
350,477,15,8,1,1
350,570,5,8,1,1
350,655,3,8,1,4
351,366,11,8,1,3
351,476,3,2,1,1
351,570,10,8,1,1
352,729,4,1,1,1
353,519,3,3,1,1
353,567,3,3,2,1
353,684,4,1,1,1
354,360,14,9,5,11
354,381,11,9,4,1
354,393,4,9,2,1
354,411,18,13,1,3
354,428,17,9,5,1
354,439,5,5,11,1
354,440,8,9,1,1
354,442,56,9,5,1
354,464,4,5,11,1
354,472,34,9,5,13
354,484,9,9,5,1
354,495,17,5,1,1
354,499,30,9,5,3
354,510,8,9,5,1
354,513,3,5,6,2
354,519,18,9,4,1
354,535,5,5,7,1
354,538,39,13,2,1
354,542,9,9,5,13
354,552,19,13,1,1
354,567,3,9,2,1
354,568,9,9,5,13
354,584,25,13,2,1
354,600,49,13,2,1
354,602,64,13,2,1
354,607,9,9,5,9
354,632,71,13,1,1
354,633,222,13,2,1
354,640,3,5,11,1
354,644,3,5,2,1
354,648,3,5,11,1
354,667,45,13,2,1
354,700,10,9,5,13
354,710,77,9,5,9
354,726,219,13,2,1
354,729,37,13,2,1
354,742,37,13,2,1
354,790,3,5,10,5
355,419,7,5,9,1
355,460,73,5,10,3
355,518,4,5,10,1
355,598,5,5,2,1
355,631,10,5,10,3
356,511,3,2,1,1
357,426,19,9,5,1
357,538,7,9,4,1
357,552,11,9,1,1
357,601,3,1,1,1
357,602,39,9,5,3
357,667,13,9,5,2
357,726,8,9,5,3
357,742,5,9,2,2
358,400,11,6,1,1
358,497,9,2,1,1
358,507,3,1,1,1
358,588,7,5,1,2
358,602,8,5,1,3
358,613,12,6,1,1
358,726,37,6,1,1
358,729,4,5,1,3
358,742,6,5,1,1
358,785,9,6,1,1
359,456,3,1,1,1
360,368,3,9,5,9
360,378,5,5,2,2
360,395,4,5,1,1
360,398,18,3,1,6
360,419,10,9,5,5
360,434,3,2,1,1
360,437,5,3,2,1
360,439,112,8,1,1
360,457,3,1,1,1
360,464,57,5,11,6
360,484,4,9,5,1
360,490,18,5,4,1
360,501,4,5,10,1
360,503,3,3,2,2
360,515,6,2,1,1
360,523,10,8,1,1
360,524,5,1,1,1
360,525,3,3,1,1
360,526,17,5,5,1
360,534,7,3,2,2
360,555,77,8,1,2
360,559,73,5,4,1
360,575,8,5,1,1
360,576,53,6,1,1
360,598,16,9,5,7
360,600,91,9,5,1
360,602,29,9,5,4
360,607,3,9,5,9
360,620,6,1,2,1
360,627,11,3,1,12
360,631,228,8,1,4
360,633,11,9,5,8
360,635,48,5,3,1
360,640,38,5,11,6
360,648,4,5,11,6
360,653,6,3,1,9
360,660,3,1,1,1
360,662,5,5,2,1
360,667,91,9,5,2
360,673,13,3,1,15
360,675,40,6,1,1
360,696,16,9,5,8
360,698,4,5,1,1
360,706,13,2,1,1
360,707,4,1,1,1
360,712,6,3,1,1
360,715,73,6,1,1
360,724,12,3,1,1
360,726,56,9,5,8
360,731,3,1,1,1
360,737,48,5,11,5
360,738,7,2,1,2
360,760,3,3,1,1
360,765,5,2,1,1
360,777,11,3,2,1
360,788,80,6,1,1
360,790,6,5,10,5
360,794,3,1,1,1
361,362,4,1,1,1
361,431,8,3,2,1
361,596,14,5,8,4
361,600,31,5,8,4
361,605,3,3,1,1
361,617,3,5,8,3
361,696,5,5,3,1
361,729,3,5,4,2
361,751,4,3,2,1
361,762,3,3,2,1
362,600,5,1,2,1
363,728,3,1,1,1
364,406,3,2,1,1
364,522,3,2,1,1
366,469,9,3,1,1
366,476,5,2,1,1
366,477,3,8,1,1
366,505,4,3,3,1
366,536,9,3,3,2
366,543,3,3,3,1
366,560,7,2,1,1
366,570,3,8,1,1
366,588,14,5,1,1
366,602,10,5,1,1
366,726,27,5,1,1
366,746,15,5,1,1
367,439,6,2,1,1
367,464,4,2,1,1
368,484,3,9,5,1
368,538,8,9,4,1
368,600,9,9,5,1
368,602,7,9,5,4
368,607,5,9,5,9
368,633,9,9,5,8
368,667,3,9,5,2
368,696,3,9,5,8
368,709,5,5,1,1
368,743,5,5,1,1
368,778,6,2,1,1
369,419,3,2,1,1
370,540,6,1,1,1
373,595,7,2,1,1
373,667,10,3,1,1
374,488,5,2,1,1
374,726,6,2,1,1
375,449,3,2,1,1
376,723,3,3,1,1
376,726,3,3,1,1
377,564,3,1,2,1
378,526,5,5,2,2
378,555,3,5,2,1
378,635,4,5,2,2
378,662,4,5,2,1
379,633,3,1,1,1
380,744,12,1,1,1
381,393,17,9,2,1
381,428,5,9,4,1
381,552,8,9,1,1
381,574,6,2,2,1
381,615,3,2,1,1
381,633,5,9,4,1
381,667,3,9,4,1
381,710,20,9,4,1
381,726,30,9,4,1
381,729,32,9,4,1
381,742,8,9,2,2
381,770,3,2,2,1
382,629,4,3,1,1
382,667,3,3,1,1
383,663,4,3,2,1
383,668,3,3,1,1
384,749,13,2,1,1
385,631,8,2,1,1
386,790,5,2,1,1
388,726,5,1,1,1
390,696,4,1,1,1
391,687,3,3,1,1
392,544,3,3,1,1
393,481,11,2,1,1
393,519,13,9,2,1
393,602,7,9,2,1
393,633,3,9,2,1
393,726,18,9,2,1
393,742,3,9,2,1
395,631,3,5,1,1
395,657,8,5,1,1
395,659,3,1,1,1
397,460,6,2,1,1
398,712,4,3,1,1
398,715,3,3,1,4
398,777,9,3,1,6
399,632,5,5,5,1
399,647,3,2,1,1
399,689,3,5,5,1
399,699,13,5,9,1
399,708,21,5,11,1
400,613,5,6,1,3
400,726,16,6,1,3
400,785,5,6,1,3
400,792,3,6,1,1
401,726,4,1,1,1
402,531,8,4,1,1
402,616,3,4,1,1
402,631,3,1,1,1
403,607,5,1,1,1
404,781,4,2,1,1
406,522,3,2,2,1
408,644,5,5,1,2
408,680,3,1,1,1
408,688,18,5,1,2
408,726,8,5,1,2
408,742,5,5,1,1
409,759,7,1,1,1
409,775,3,5,1,1
409,790,13,5,1,1
410,744,3,1,1,1
411,428,9,9,2,1
411,442,31,9,2,1
411,513,5,1,3,1
411,519,17,9,2,1
411,538,5,13,1,3
411,584,27,13,1,3
411,602,7,13,1,3
411,607,3,9,2,1
411,632,4,13,1,1
411,633,27,13,1,3
411,667,4,13,1,3
411,710,13,9,2,1
411,726,21,13,1,3
411,769,4,1,1,1
412,584,3,1,1,1
413,664,3,2,1,2
413,678,3,2,1,1
413,696,7,3,1,6
413,735,3,2,1,1
413,764,4,3,1,6
414,449,3,5,5,1
414,470,3,1,1,1
414,600,12,5,5,3
414,617,3,5,5,3
414,622,4,3,2,1
414,751,6,3,2,1
414,754,3,3,1,8
415,494,6,3,2,1
415,538,8,3,1,1
415,601,4,3,2,1
415,633,9,3,2,1
416,582,3,1,1,1
416,718,3,1,1,1
418,656,3,1,1,1
419,460,4,5,9,1
419,501,12,5,9,1
419,518,28,5,9,1
419,596,3,5,8,5
419,598,21,9,5,5
419,600,26,9,5,1
419,607,21,9,5,5
419,696,27,9,5,5
419,710,3,9,5,5
419,726,10,9,5,5
419,753,4,5,1,1
420,667,3,1,1,1
421,588,4,5,1,1
421,602,9,5,1,1
421,633,4,5,1,1
423,425,4,1,1,1
423,426,3,3,1,1
423,538,4,3,1,1
423,601,6,3,1,1
425,538,3,1,2,1
426,444,15,5,4,1
426,456,3,5,4,2
426,504,12,5,2,1
426,538,47,9,4,1
426,601,23,5,4,1
426,602,8,9,5,1
426,633,41,9,5,1
426,667,4,9,5,1
426,689,3,5,4,2
426,726,36,9,5,1
426,729,4,9,4,3
426,739,5,3,1,1
428,442,11,9,5,1
428,456,3,5,6,1
428,510,15,9,5,1
428,513,7,5,6,1
428,535,10,5,6,1
428,552,4,9,1,1
428,574,8,5,6,1
428,584,4,5,6,1
428,603,3,2,1,1
428,633,9,9,5,1
428,667,12,9,5,1
428,710,10,9,5,1
428,726,18,9,5,1
428,729,14,9,4,3
428,769,4,5,5,1
430,494,4,3,3,1
430,601,7,3,4,1
430,633,3,3,4,2
431,596,3,1,1,1
431,600,7,3,2,1
432,633,4,5,1,1
432,710,5,5,1,1
432,742,3,5,1,1
435,462,3,2,1,1
436,507,7,1,1,1
437,503,3,3,2,1
437,640,5,3,2,1
438,698,4,1,1,1
439,464,6,5,11,4
439,555,4,8,1,1
439,559,13,5,4,1
439,573,7,3,2,1
439,576,12,6,1,1
439,624,4,3,2,1
439,631,10,8,1,1
439,665,5,3,2,1
439,667,16,5,11,4
439,675,14,6,1,1
439,696,9,5,3,1
439,698,7,5,1,1
439,715,32,6,1,1
439,737,14,5,11,4
439,738,9,2,1,1
439,788,14,6,1,1
440,632,5,9,1,1
440,633,3,9,1,1
440,726,19,9,1,1
440,742,3,9,1,1
441,594,4,1,1,1
442,461,9,3,3,1
442,513,7,5,6,1
442,516,4,5,6,1
442,519,8,9,4,1
442,520,14,5,3,1
442,567,6,9,2,1
442,584,19,5,6,1
442,602,5,9,5,1
442,633,41,9,5,1
442,641,3,2,1,1
442,684,15,5,6,1
442,687,3,3,2,6
442,710,51,9,5,1
442,726,10,9,5,1
442,742,3,9,2,2
442,769,8,5,5,1
444,538,5,5,3,1
444,601,3,5,4,1
444,607,5,5,1,3
444,633,12,5,4,1
444,726,10,5,4,1
444,772,4,5,1,1
447,667,3,2,1,1
449,600,3,5,5,1
449,729,3,5,4,2
450,681,4,2,1,1
451,729,3,2,1,1
451,770,3,2,1,1
452,600,3,1,1,1
453,631,6,2,1,1
454,667,3,2,1,1
456,535,8,5,7,1
456,574,4,5,7,1
456,584,8,5,7,1
456,667,3,5,7,1
460,518,6,5,10,1
460,598,6,5,2,1
460,631,5,5,10,3
461,633,6,3,4,1
463,744,3,2,1,1
464,576,6,3,1,10
464,584,4,5,8,1
464,629,6,3,1,6
464,631,7,5,10,4
464,640,26,5,11,7
464,653,3,3,1,9
464,667,87,5,11,7
464,788,3,3,1,10
465,487,5,2,1,1
467,502,4,3,1,1
467,541,14,1,2,1
468,564,14,4,2,1
468,691,9,4,2,1
470,538,3,1,2,1
472,519,21,9,4,1
472,542,8,9,5,14
472,568,16,9,5,14
472,602,3,9,5,4
472,632,19,9,5,13
472,633,8,9,5,8
472,683,5,1,1,1
472,700,11,9,5,14
472,726,12,9,5,8
473,558,3,2,1,1
474,518,3,1,1,1
474,696,4,2,2,2
475,558,4,2,1,1
476,560,9,4,1,1
477,564,3,1,1,1
477,655,6,8,1,1
478,638,10,3,1,1
478,733,12,3,1,1
479,531,3,4,1,1
479,616,7,4,1,1
480,667,3,2,1,1
481,519,12,1,1,1
482,609,4,1,1,1
482,726,7,3,2,1
482,744,21,3,1,4
483,726,20,1,1,1
484,499,12,9,5,1
484,538,3,9,4,1
484,602,7,9,5,1
484,633,47,9,5,1
486,726,4,1,1,1
488,726,5,2,1,1
489,667,7,3,1,7
490,526,3,5,4,1
490,635,4,5,3,1
490,662,3,5,2,1
491,715,4,1,1,1
493,696,3,2,1,1
494,498,6,3,1,1
494,601,9,3,3,1
495,632,11,5,1,1
495,633,10,5,1,1
498,601,4,3,1,1
498,633,3,3,1,1
499,600,3,9,5,1
499,601,4,5,1,5
499,602,3,9,5,3
499,632,4,9,5,3
499,633,18,9,5,3
499,667,3,9,5,2
499,679,4,5,1,1
499,710,36,9,5,3
499,722,14,2,1,1
499,726,21,9,5,3
500,756,3,1,1,1
501,600,4,5,10,1
503,534,3,3,2,3
503,640,8,3,2,2
504,538,17,5,2,1
504,601,7,5,2,1
504,633,13,5,2,1
504,789,3,1,1,1
505,536,4,3,3,1
505,726,8,3,3,1
505,787,12,3,2,1
506,572,3,1,1,1
506,608,6,3,1,1
506,744,11,3,1,1
508,509,17,2,1,1
508,725,13,2,1,1
509,725,16,2,1,1
510,633,3,9,5,1
510,725,3,5,1,3
510,726,41,9,5,1
510,729,9,9,4,3
510,746,4,5,1,5
512,564,3,1,1,1
513,633,12,5,4,2
513,726,3,5,6,2
514,600,12,2,1,1
514,628,4,2,1,1
515,788,3,2,1,1
516,538,5,5,3,1
516,552,5,1,1,1
516,667,3,5,7,3
516,684,4,5,7,3
516,710,3,5,7,3
517,519,4,3,1,1
517,520,6,3,1,1
518,598,8,5,2,1
518,600,6,5,10,1
518,696,4,5,3,1
519,520,10,3,1,1
519,552,3,9,1,1
519,567,3,9,2,1
519,633,8,9,4,1
519,710,6,9,4,1
519,726,18,9,4,1
520,667,3,5,3,1
520,684,3,5,3,1
520,710,6,5,3,1
521,538,4,1,3,1
521,633,5,1,4,1
523,555,3,8,1,1
523,760,4,2,1,1
525,631,3,1,1,1
525,698,6,3,1,1
526,555,4,5,2,1
526,602,3,5,5,1
526,635,4,5,3,1
526,662,4,5,2,1
529,573,3,2,1,1
529,696,3,2,1,1
530,640,3,2,1,1
530,648,6,1,2,1
530,667,6,2,1,1
531,566,4,1,1,1
531,621,9,1,1,1
531,755,10,1,2,1
533,710,4,1,1,1
534,640,7,3,2,2
534,777,3,3,2,1
535,631,4,5,7,1
535,726,4,5,7,1
536,676,4,3,1,1
536,726,59,3,3,1
536,787,9,3,2,1
537,600,6,1,3,1
537,762,3,1,2,1
538,541,4,5,3,1
538,552,26,13,1,1
538,584,17,13,2,1
538,600,6,13,2,1
538,601,26,5,3,1
538,602,30,13,2,1
538,607,7,9,4,1
538,617,3,9,4,1
538,632,3,13,1,1
538,633,61,13,2,1
538,667,8,13,2,1
538,682,5,4,1,1
538,709,4,5,1,3
538,726,71,13,2,1
538,729,5,13,2,1
538,742,60,13,2,1
538,789,15,4,1,1
539,628,4,2,1,1
539,751,4,2,1,1
540,567,3,3,1,1
540,726,3,3,1,1
541,633,7,5,4,1
541,726,40,5,4,1
541,729,4,5,4,1
542,568,17,9,5,14
542,632,22,9,5,13
542,633,3,9,5,8
542,700,19,9,5,14
542,761,3,1,1,1
548,630,6,2,1,1
549,726,3,2,1,1
550,552,3,1,2,1
550,650,3,1,1,1
551,783,10,2,1,1
552,567,10,9,1,1
552,584,7,13,1,1
552,602,29,13,1,1
552,633,8,13,1,1
552,645,4,2,1,1
552,667,12,13,1,1
552,726,33,13,1,1
552,729,13,13,1,1
552,742,35,13,1,1
552,751,3,9,1,1
553,646,8,3,1,1
553,701,7,3,1,1
553,740,3,1,1,1
554,648,9,5,2,1
554,667,15,5,2,1
555,575,4,5,1,1
555,631,29,8,1,2
555,635,4,5,2,1
555,706,12,1,1,1
556,720,5,3,1,1
557,726,6,3,1,1
559,569,3,1,1,1
559,576,10,3,1,11
559,631,6,5,4,1
559,673,6,3,1,14
559,698,3,5,1,1
559,788,5,3,1,13
560,562,4,2,1,1
562,570,6,1,2,1
563,744,4,2,1,1
564,691,14,4,2,1
564,722,3,2,1,1
565,631,4,2,1,1
565,784,4,2,1,1
567,603,4,1,1,1
567,617,6,9,2,1
567,667,3,9,2,1
567,756,4,3,1,1
568,632,10,9,5,13
568,700,14,9,5,14
571,744,7,1,1,1
572,744,3,1,2,1
573,583,4,2,1,1
573,600,7,9,1,1
573,607,5,9,1,1
573,617,23,9,1,1
573,656,5,3,3,1
573,661,6,3,3,1
573,667,8,9,1,1
573,696,101,9,1,1
573,753,3,3,1,1
573,781,5,3,1,1
573,786,7,3,1,1
574,584,6,5,8,1
574,603,3,2,2,1
574,604,3,5,3,1
574,631,9,5,8,1
574,667,3,5,8,1
575,631,3,5,1,1
576,627,4,3,1,11
576,675,8,6,1,2
576,715,5,6,1,1
576,760,5,3,1,1
576,788,15,6,1,1
578,602,8,2,1,1
580,600,8,2,1,3
580,612,3,2,1,1
581,711,4,1,1,1
584,600,25,13,2,1
584,602,80,13,2,1
584,632,7,13,1,1
584,633,16,13,2,1
584,667,110,13,2,1
584,669,3,2,1,1
584,726,23,13,2,1
584,729,3,13,2,1
584,742,18,13,2,1
585,625,3,1,1,1
586,655,5,1,1,1
587,781,3,2,1,1
588,591,3,1,1,1
588,602,48,9,1,1
588,633,3,9,1,1
588,729,4,9,1,1
588,746,15,5,1,2
591,746,3,1,1,1
592,745,3,2,1,1
595,667,3,2,1,1
596,600,28,5,8,5
596,617,3,5,8,3
598,600,53,9,5,1
598,607,3,9,5,7
598,633,20,9,5,7
598,696,20,9,5,7
598,726,4,9,5,7
598,753,5,5,1,1
600,602,9,13,2,1
600,605,3,3,1,1
600,607,27,9,5,1
600,612,4,2,1,1
600,614,5,1,1,1
600,617,24,9,5,1
600,622,4,3,3,1
600,628,8,5,2,1
600,631,4,5,10,2
600,633,44,13,2,1
600,666,5,3,1,8
600,667,22,13,2,1
600,671,4,3,3,2
600,672,3,2,1,1
600,677,3,3,1,6
600,696,76,9,5,1
600,716,3,2,2,1
600,721,3,1,1,1
600,726,44,13,2,1
600,729,30,13,2,1
600,736,3,3,1,1
600,742,3,13,2,1
600,751,40,9,2,1
600,754,4,3,1,8
600,762,3,3,2,1
600,770,3,2,2,1
600,781,6,5,9,1
600,790,3,5,10,2
601,633,17,5,4,1
601,693,4,2,1,1
601,726,9,5,4,1
601,789,4,2,1,2
602,632,14,13,1,1
602,633,35,13,2,1
602,667,68,13,2,1
602,684,5,5,7,4
602,699,6,5,7,5
602,710,12,9,5,4
602,726,42,13,2,1
602,729,29,13,2,1
602,737,3,5,7,5
602,742,44,13,2,1
602,743,3,5,1,1
602,746,16,5,1,5
602,768,3,2,1,1
604,619,3,5,2,1
604,667,4,5,3,1
604,740,3,5,3,1
605,762,3,3,1,1
607,617,4,9,5,3
607,696,21,9,5,8
607,726,10,9,5,8
607,753,3,5,1,1
607,772,7,5,1,1
607,781,6,5,1,3
608,652,3,1,2,1
608,744,3,3,1,4
609,744,7,1,2,1
610,696,4,2,1,1
613,726,20,6,1,3
613,785,12,6,1,3
613,792,9,6,1,1
617,628,3,5,2,1
617,667,18,9,5,2
617,696,14,9,5,3
617,726,6,9,5,3
617,729,13,9,4,3
617,740,12,5,4,1
617,750,4,2,1,1
617,751,3,9,2,1
617,756,6,1,1,1
617,781,5,5,8,3
618,667,3,1,1,1
619,646,4,2,1,1
619,740,6,5,2,1
619,790,4,5,2,1
619,795,5,2,1,1
622,751,9,3,3,1
624,665,5,3,2,2
624,696,12,3,2,2
627,715,6,3,1,4
627,788,8,3,1,12
628,671,4,3,1,1
628,754,5,3,1,1
629,667,20,3,1,6
631,657,19,5,2,1
631,667,37,5,10,4
631,694,7,1,1,1
631,784,18,2,1,1
632,633,53,13,1,1
632,699,16,5,5,1
632,700,23,9,5,13
632,701,4,1,1,1
632,710,5,9,5,9
632,726,25,13,1,1
633,644,8,5,2,1
633,667,11,13,2,1
633,688,7,5,1,3
633,709,3,5,1,3
633,710,13,9,5,8
633,726,118,13,2,1
633,727,3,3,1,1
633,729,6,13,2,1
633,742,8,13,2,1
633,769,5,5,4,2
633,789,3,2,1,1
634,725,3,1,1,1
635,640,4,5,3,1
635,662,4,5,2,1
637,726,8,1,2,1
637,787,4,1,1,1
638,733,12,3,1,1
640,648,8,5,11,7
640,667,41,5,11,8
640,737,15,5,11,5
640,777,5,3,2,1
642,762,3,1,1,1
644,667,3,5,2,1
644,680,3,2,1,1
644,688,3,5,1,3
644,726,68,5,2,1
644,727,7,1,1,1
644,742,27,5,1,1
645,702,8,3,1,1
645,726,32,3,1,1
645,730,4,1,1,1
646,701,6,3,1,1
646,795,3,2,1,1
647,708,3,1,1,1
648,667,7,5,11,7
648,710,3,5,7,4
648,737,4,5,11,5
651,726,4,1,1,1
653,667,3,3,1,8
654,658,3,1,1,1
656,661,6,3,3,2
656,696,4,3,3,1
661,696,8,3,3,1
661,786,3,3,1,1
664,696,3,2,1,3
665,696,7,3,2,2
667,669,3,2,1,1
667,695,3,2,1,1
667,696,10,9,5,2
667,710,16,9,5,2
667,724,7,3,1,1
667,726,52,13,2,1
667,729,30,13,2,1
667,737,15,5,11,5
667,742,10,13,2,1
667,771,3,1,1,1
667,781,19,5,9,1
671,751,3,3,3,2
673,788,3,3,1,13
674,696,4,2,2,1
674,763,3,2,1,1
675,715,5,6,1,1
675,788,9,6,1,1
676,726,7,3,1,1
676,787,6,3,1,1
677,781,3,3,1,1
679,725,3,5,1,1
680,726,7,2,1,1
682,789,4,4,1,1
683,790,3,2,2,1
684,710,8,5,7,4
684,726,3,5,7,1
685,744,10,1,1,1
688,726,9,5,1,3
689,708,3,5,5,1
695,781,3,2,1,1
696,726,3,9,5,8
696,729,3,9,4,3
696,735,3,2,1,1
696,744,3,5,1,4
696,750,3,2,1,1
696,751,4,9,2,1
696,752,6,3,1,1
696,753,6,5,1,1
696,763,3,2,1,1
696,764,17,3,1,6
696,774,4,1,1,1
696,781,3,5,3,1
696,786,5,3,1,1
697,738,7,1,1,1
702,726,13,3,1,1
702,742,3,1,1,1
704,770,6,1,1,1
710,726,26,9,5,8
710,729,11,9,4,3
712,715,8,3,1,1
715,737,9,2,1,1
715,760,9,3,1,1
715,788,11,6,1,1
723,726,8,3,1,1
726,727,11,3,1,1
726,729,117,13,2,1
726,739,9,3,2,1
726,742,107,13,2,1
726,746,4,5,1,5
726,747,6,2,1,1
726,769,5,5,5,1
726,772,4,5,1,1
726,785,15,6,1,3
726,787,17,3,2,1
726,790,10,5,7,1
726,792,11,6,1,1
729,740,4,5,4,1
729,742,9,13,2,1
729,751,12,9,2,1
729,761,7,2,2,1
729,779,3,2,1,1
740,795,3,2,1,1
744,776,3,1,1,1
752,753,15,3,1,1
753,764,4,3,1,1
758,767,18,2,1,1
759,761,6,2,3,1
775,790,4,5,1,1
785,792,14,6,1,1
