source,target,value,direction,cycle,layer,wave,fragment
1,2,1,1,0,2,1,1
1,3,6,-6,0,3,1,1
1,4,2,0,1,3,1,1
1,17,4,0,2,3,1,1
1,44,2,2,0,2,1,1
2,60,1,-1,0,2,1,1
2,171,1,-1,0,1,1,1
3,17,3,-3,0,3,1,4
3,43,1,1,0,2,1,1
3,58,3,-1,1,3,1,5
3,85,1,1,0,2,1,1
3,103,1,-1,0,3,1,4
4,5,1,1,0,1,1,1
4,6,1,1,0,2,1,1
4,17,15,-3,6,4,1,1
4,19,4,-4,0,4,1,1
4,46,1,-1,0,3,1,4
4,47,3,-3,0,3,1,1
4,50,3,1,1,4,1,1
4,52,1,1,0,4,1,1
4,58,3,-1,1,3,1,4
4,74,1,-1,0,4,1,2
4,151,1,-1,0,2,1,1
6,7,1,1,0,2,1,3
6,17,1,-1,0,2,1,2
7,8,1,1,0,2,1,1
7,14,1,1,0,2,1,1
7,461,1,-1,0,2,1,1
7,463,1,-1,0,2,1,2
8,9,1,1,0,2,1,1
9,10,1,1,0,1,1,1
9,11,1,1,0,2,1,1
11,12,1,1,0,2,1,1
12,13,1,1,0,2,1,1
13,446,1,-1,0,2,1,1
13,447,1,1,0,1,1,1
14,15,1,1,0,2,1,1
15,16,1,1,0,2,1,2
15,431,1,-1,0,2,1,1
16,123,1,-1,0,2,1,1
16,311,1,-1,0,2,1,1
16,432,1,1,0,1,1,1
17,18,1,1,0,2,1,1
17,19,2,-2,0,4,1,1
17,25,6,0,3,3,1,1
17,27,2,-2,0,3,1,1
17,28,2,-2,0,1,1,1
17,29,8,4,2,2,1,1
17,32,12,-2,5,3,1,1
17,35,2,-2,0,3,1,1
17,36,1,1,0,2,1,1
17,37,3,1,1,2,1,1
17,41,2,0,1,1,1,1
17,47,2,0,1,3,1,1
17,50,4,2,1,4,1,1
17,52,2,2,0,4,1,1
17,58,10,-4,3,3,1,4
18,27,1,-1,0,2,1,1
19,20,1,1,0,3,1,4
19,22,1,1,0,2,1,1
19,24,1,1,0,2,1,1
19,25,15,-1,7,3,1,1
19,45,1,1,0,1,1,1
19,46,3,-3,0,3,1,4
19,48,2,0,1,2,1,1
19,49,1,-1,0,1,1,1
19,50,1,1,0,4,1,1
19,52,7,3,2,4,1,1
19,58,22,-6,8,5,1,3
19,59,4,-4,0,5,1,3
19,74,3,3,0,8,1,4
19,83,6,0,3,8,1,1
19,104,6,2,2,8,1,4
19,105,3,1,1,8,1,2
19,106,4,2,1,8,1,2
19,107,2,0,1,8,1,5
19,151,8,4,2,8,1,5
19,163,4,0,2,3,1,1
19,164,1,1,0,3,1,1
19,165,1,1,0,3,1,4
19,166,6,0,3,3,1,1
19,167,3,1,1,5,1,1
19,170,8,6,1,5,1,3
19,172,6,4,1,5,1,1
19,189,2,2,0,2,1,1
19,229,1,-1,0,5,1,3
19,230,1,-1,0,8,1,3
19,271,1,-1,0,8,1,2
19,286,1,-1,0,8,1,3
19,625,1,1,0,1,1,1
19,634,2,-2,0,1,1,1
19,641,2,-2,0,1,1,1
19,642,2,-2,0,1,1,1
19,645,2,-2,0,2,1,1
19,646,2,-2,0,2,1,1
19,667,2,-2,0,8,1,2
20,21,1,-1,0,1,1,1
20,58,4,-4,0,3,1,4
20,247,1,-1,0,3,1,1
20,248,1,-1,0,3,1,1
22,23,1,-1,0,1,1,1
22,58,9,-3,3,2,1,1
24,58,4,-4,0,2,1,1
25,26,1,1,0,1,1,1
25,46,4,2,1,3,1,1
25,48,7,-3,2,2,1,1
25,52,7,-1,3,2,1,1
25,627,1,1,0,1,1,1
27,32,2,-2,0,3,1,1
27,35,1,-1,0,3,1,1
27,43,1,-1,0,2,1,1
29,30,1,1,0,2,1,1
29,32,2,2,0,1,1,1
30,31,1,1,0,2,1,1
31,141,1,-1,0,2,1,1
32,33,1,1,0,1,1,1
32,35,2,0,1,3,1,1
32,42,1,-1,0,1,2,1
34,35,1,1,0,1,1,1
34,42,1,-1,0,1,2,1
36,37,1,-1,0,2,1,1
37,38,1,1,0,1,1,1
39,40,1,1,0,1,1,1
44,85,1,-1,0,2,1,1
44,86,1,1,0,1,1,1
46,47,3,3,0,3,1,1
47,626,2,-2,0,1,1,1
50,51,1,1,0,2,1,1
50,52,2,2,0,4,1,1
50,53,1,1,0,2,1,1
51,53,1,1,0,2,1,1
52,53,1,1,0,2,1,2
52,55,1,1,0,1,1,1
52,56,1,-1,0,2,1,3
54,64,1,-1,0,1,1,1
55,57,1,-1,0,1,1,1
56,58,1,-1,0,2,2,2
56,151,4,-4,0,2,2,1
56,153,3,-1,1,2,2,1
56,228,1,-1,0,2,2,1
56,667,2,-2,0,1,1,1
58,59,6,4,1,5,2,6
58,61,1,1,0,1,3,1
58,66,21,7,7,5,2,1
58,67,2,0,1,2,4,1
58,68,1,-1,0,1,1,1
58,69,1,-1,0,2,1,2
58,74,50,10,20,12,1,1
58,85,2,0,1,5,1,1
58,97,1,1,0,2,2,3
58,103,4,-2,1,12,1,1
58,104,4,-2,1,12,1,1
58,114,6,-4,1,12,1,1
58,134,6,0,3,2,1,1
58,135,5,-3,1,5,2,3
58,142,5,-1,2,2,1,1
58,143,2,0,1,2,2,1
58,144,1,-1,0,2,3,1
58,146,6,-2,2,1,1,1
58,147,2,0,1,2,1,1
58,148,1,1,0,2,2,1
58,149,3,-1,1,1,1,1
58,151,5,5,0,5,2,10
58,153,1,1,0,12,1,1
58,155,1,1,0,12,1,1
58,156,1,1,0,12,1,1
58,157,1,1,0,12,1,1
58,158,1,1,0,12,1,1
58,159,1,1,0,12,1,1
58,160,1,1,0,5,2,9
58,166,1,1,0,3,1,1
58,170,4,4,0,5,2,5
58,173,5,-5,0,12,1,1
58,175,6,-2,2,5,1,1
58,177,13,3,5,5,2,8
58,185,3,-1,1,5,1,1
58,186,8,0,4,5,2,8
58,187,1,1,0,2,4,2
58,188,7,-1,3,2,4,1
58,190,4,4,0,5,1,1
58,191,2,0,1,1,1,1
58,201,3,1,1,5,3,2
58,211,10,-4,3,5,2,8
58,212,3,1,1,3,1,1
58,213,1,1,0,3,1,1
58,215,2,0,1,5,3,1
58,218,3,-1,1,2,2,1
58,221,5,1,2,5,3,1
58,222,3,1,1,5,3,1
58,223,2,0,1,5,3,1
58,226,1,1,0,5,1,1
58,227,2,0,1,5,1,1
58,229,2,-2,0,5,2,1
58,230,2,-2,0,3,1,1
58,231,1,1,0,2,3,1
58,232,1,1,0,5,3,2
58,233,1,1,0,2,1,1
58,237,4,-4,0,12,1,1
58,239,1,-1,0,2,1,1
58,240,1,1,0,2,1,1
58,241,1,-1,0,2,1,1
58,247,3,-1,1,3,1,1
58,248,3,-1,1,3,1,1
58,249,2,0,1,3,1,1
58,250,1,-1,0,3,1,1
58,629,1,-1,0,1,2,1
58,630,2,0,1,1,1,1
58,631,1,1,0,1,1,1
58,632,1,1,0,1,1,1
58,633,1,1,0,1,1,1
58,635,2,-2,0,1,1,1
58,638,2,-2,0,1,1,1
58,640,2,-2,0,1,1,1
58,644,1,-1,0,1,1,1
58,648,1,1,0,1,1,1
58,652,2,0,1,1,1,1
58,655,1,-1,0,1,1,1
58,656,1,-1,0,1,1,1
58,658,1,1,0,1,1,1
58,659,2,-2,0,3,1,1
59,60,1,1,0,5,2,6
59,66,1,1,0,5,2,1
59,104,2,0,1,5,2,5
59,170,1,1,0,5,2,5
59,173,1,-1,0,5,2,6
59,229,1,1,0,5,2,1
59,661,2,-2,0,1,1,1
60,151,1,-1,0,5,2,10
60,153,1,-1,0,5,3,1
60,155,1,-1,0,5,3,1
60,156,1,-1,0,2,1,1
60,157,1,-1,0,5,3,1
60,158,1,-1,0,5,3,1
60,159,1,-1,0,5,3,1
61,62,1,1,0,1,1,1
61,63,1,1,0,1,3,1
61,586,1,-1,0,1,4,1
63,64,1,1,0,1,2,1
64,65,1,-1,0,1,1,1
66,67,1,1,0,2,4,1
66,74,2,2,0,5,2,1
66,114,2,-2,0,5,1,1
66,144,1,1,0,2,3,1
66,148,1,1,0,2,2,1
66,175,1,-1,0,5,1,1
66,187,1,1,0,2,4,1
66,221,2,0,1,5,2,1
66,223,1,1,0,5,2,1
66,233,1,1,0,2,1,1
66,241,1,1,0,2,1,1
66,261,1,1,0,1,1,1
66,662,2,0,1,1,1,1
67,114,2,-2,0,2,3,1
67,226,1,-1,0,2,1,1
69,70,1,1,0,2,1,1
69,73,1,-1,0,2,1,1
70,71,1,1,0,1,1,1
70,73,1,-1,0,2,1,1
71,72,1,1,0,1,1,1
74,75,1,1,0,1,2,1
74,77,1,1,0,1,2,1
74,83,14,0,7,8,1,1
74,103,1,1,0,12,2,1
74,104,25,-1,12,12,2,5
74,105,21,-5,8,12,2,5
74,106,22,-4,9,12,2,5
74,107,7,-3,2,8,1,4
74,108,4,-4,0,4,1,4
74,110,1,1,0,4,1,1
74,111,1,1,0,3,1,1
74,114,7,-3,2,12,2,5
74,116,1,1,0,2,1,3
74,130,3,-1,1,12,2,4
74,133,1,1,0,3,1,1
74,151,1,-1,0,8,1,4
74,153,5,1,2,12,2,3
74,154,1,-1,0,2,2,1
74,155,3,1,1,12,2,3
74,156,3,1,1,12,2,1
74,157,3,1,1,12,2,3
74,158,3,1,1,12,2,3
74,159,2,0,1,12,2,1
74,160,1,1,0,5,2,4
74,161,1,-1,0,4,1,1
74,162,1,1,0,2,2,1
74,165,2,0,1,3,1,4
74,167,2,2,0,5,1,1
74,169,1,-1,0,2,1,1
74,170,1,-1,0,5,2,4
74,173,4,0,2,12,2,5
74,185,4,2,1,5,1,1
74,190,1,-1,0,8,1,1
74,193,2,2,0,5,2,1
74,211,4,2,1,5,2,4
74,228,9,1,4,12,2,2
74,230,1,-1,0,8,1,3
74,234,1,-1,0,1,1,1
74,237,4,-2,1,12,2,2
74,266,1,-1,0,8,1,1
74,271,11,-3,4,12,2,4
74,286,1,-1,0,8,1,3
74,304,1,-1,0,8,1,3
74,305,1,-1,0,8,1,3
74,306,10,0,5,12,2,5
74,321,2,0,1,12,1,1
74,330,1,-1,0,4,1,1
74,354,3,-1,1,4,1,4
74,355,1,1,0,4,1,1
74,356,1,1,0,4,1,1
74,359,3,1,1,5,1,1
74,409,2,-2,0,4,1,3
74,410,2,0,1,12,1,1
74,453,1,1,0,5,2,4
74,499,2,2,0,3,1,5
74,659,2,0,1,3,1,1
74,661,2,-2,0,1,2,1
74,682,1,1,0,3,1,4
74,683,1,1,0,1,1,1
74,684,1,1,0,2,1,1
75,76,1,1,0,1,1,1
77,78,1,1,0,1,1,1
77,79,1,-1,0,1,1,1
79,80,1,-1,0,3,1,1
79,81,1,-1,0,3,1,1
79,82,1,-1,0,3,1,1
80,82,1,-1,0,12,2,1
80,104,2,2,0,12,2,1
80,105,2,2,0,12,2,1
80,106,2,2,0,12,2,1
80,153,1,1,0,12,2,1
80,155,1,1,0,12,2,1
80,156,1,1,0,12,2,1
80,157,1,1,0,12,2,1
80,158,1,1,0,12,2,1
80,159,1,1,0,12,2,1
80,173,1,-1,0,12,2,1
80,193,1,1,0,3,1,1
80,271,1,-1,0,12,2,1
80,410,4,-2,1,12,1,1
80,453,2,2,0,3,1,1
81,82,1,-1,0,5,1,1
81,104,2,2,0,5,2,4
81,105,2,2,0,5,2,1
81,106,2,2,0,5,2,1
81,173,1,-1,0,5,2,4
81,190,1,1,0,5,1,1
81,193,1,1,0,5,2,1
81,271,1,-1,0,5,2,4
81,410,4,-2,1,3,1,2
81,453,2,2,0,5,2,4
81,468,1,1,0,3,1,1
81,510,1,1,0,3,1,1
82,103,3,1,1,12,2,1
82,114,3,-1,1,12,2,1
82,153,1,1,0,12,2,1
82,155,3,3,0,12,2,1
82,157,1,1,0,12,2,1
82,158,1,1,0,12,2,1
82,159,1,1,0,12,2,1
82,173,1,-1,0,12,2,1
82,193,1,1,0,5,1,1
82,237,1,-1,0,12,2,1
82,271,17,-1,8,12,2,1
82,306,2,2,0,12,2,1
82,321,4,2,1,12,1,1
82,375,1,1,0,5,1,1
82,410,4,0,2,12,1,1
82,453,1,1,0,5,1,1
82,522,1,1,0,3,1,9
82,535,1,1,0,3,1,6
82,567,2,0,1,3,1,8
82,580,3,-1,1,5,1,1
82,673,1,1,0,3,1,8
82,685,2,-2,0,1,1,1
82,694,1,1,0,3,1,1
82,695,1,1,0,3,1,1
82,698,2,-2,0,1,1,1
82,699,1,-1,0,1,1,1
83,84,1,1,0,1,1,1
83,104,5,3,1,8,1,1
83,105,5,3,1,8,1,1
83,106,5,3,1,8,1,1
83,107,4,4,0,8,1,1
83,108,2,-2,0,4,1,1
83,154,1,-1,0,2,1,2
83,161,1,-1,0,4,1,1
83,164,1,1,0,3,1,1
83,165,6,-2,2,3,1,1
83,167,2,2,0,2,1,1
83,271,3,1,1,8,1,1
83,306,2,-2,0,4,1,1
83,409,1,1,0,4,1,1
83,511,1,1,0,2,1,1
83,639,2,-2,0,1,1,1
83,645,2,-2,0,2,1,1
83,667,3,-1,1,8,1,1
83,682,1,1,0,3,1,1
85,97,1,1,0,2,1,2
85,102,1,1,0,1,1,1
85,103,3,-3,0,5,1,1
85,173,2,0,1,5,1,1
85,211,3,-3,0,5,1,1
85,359,1,1,0,5,1,1
86,87,1,1,0,1,2,1
87,88,1,1,0,1,3,1
88,89,1,1,0,1,4,1
89,90,1,1,0,1,5,1
90,91,1,1,0,1,5,1
91,92,1,1,0,1,4,1
92,93,1,1,0,1,1,1
92,94,1,1,0,1,3,1
94,95,1,1,0,1,2,1
95,96,1,1,0,1,1,1
97,98,1,-1,0,2,1,1
97,160,1,-1,0,2,2,1
97,173,2,2,0,2,2,2
98,99,1,-1,0,2,1,1
99,100,1,-1,0,2,1,1
100,101,1,-1,0,1,1,1
100,128,1,1,0,2,1,1
103,104,12,10,1,12,2,1
103,105,9,9,0,12,2,1
103,106,9,9,0,12,2,1
103,114,4,-4,0,12,2,1
103,153,1,1,0,12,2,1
103,173,6,-2,2,12,2,1
103,177,4,0,2,5,2,1
103,185,3,-3,0,5,1,1
103,186,2,-2,0,5,2,1
103,211,9,-5,2,5,2,1
103,228,3,3,0,12,2,1
103,229,2,-2,0,5,2,1
103,236,2,2,0,2,1,1
103,237,2,-2,0,12,2,1
103,251,1,1,0,1,1,1
103,271,16,0,8,12,2,1
103,306,4,4,0,12,2,1
103,359,1,1,0,5,1,1
103,481,1,-1,0,2,1,1
103,520,2,0,1,5,2,1
103,569,1,1,0,1,1,1
103,570,1,1,0,1,1,1
103,571,1,1,0,1,1,1
103,650,2,-2,0,1,1,1
103,653,3,-1,1,1,1,1
103,673,1,1,0,3,1,4
103,677,2,2,0,1,1,1
103,686,1,1,0,2,1,1
103,689,4,-4,0,2,1,2
103,691,1,1,0,2,1,1
103,694,1,1,0,3,1,1
103,695,1,1,0,3,1,1
104,105,3,1,1,12,2,5
104,106,3,1,1,12,2,5
104,107,1,1,0,8,1,4
104,108,3,-3,0,4,1,1
104,111,1,1,0,3,1,1
104,114,5,3,1,12,2,5
104,130,1,1,0,12,2,4
104,151,2,2,0,8,1,4
104,153,2,0,1,12,2,3
104,155,2,0,1,12,2,3
104,156,2,0,1,12,2,1
104,157,2,0,1,12,2,3
104,158,2,0,1,12,2,3
104,159,1,1,0,12,2,1
104,167,1,1,0,5,1,1
104,170,7,3,2,5,2,5
104,173,1,-1,0,12,2,5
104,190,2,0,1,8,1,1
104,193,1,-1,0,5,2,1
104,201,1,1,0,5,2,5
104,228,10,2,4,12,2,2
104,229,6,4,1,5,2,1
104,230,4,2,1,8,1,3
104,256,1,1,0,1,1,1
104,266,5,3,1,8,1,1
104,271,6,-2,2,12,2,4
104,286,4,0,2,8,1,3
104,304,2,0,1,8,1,3
104,305,3,-1,1,8,1,3
104,306,4,-2,1,12,2,5
104,354,4,-4,0,4,1,1
104,355,1,1,0,4,1,1
104,356,1,1,0,4,1,1
104,410,1,-1,0,12,1,1
104,453,1,-1,0,5,2,5
104,484,1,-1,0,2,2,1
104,496,4,0,2,2,2,1
104,502,2,0,1,2,1,1
104,511,2,0,1,2,1,1
104,646,1,1,0,2,1,1
104,647,2,2,0,3,1,1
104,682,1,1,0,3,1,1
105,106,4,0,2,12,2,5
105,108,2,-2,0,4,1,2
105,113,1,1,0,2,1,1
105,114,3,3,0,12,2,5
105,130,1,1,0,12,2,4
105,135,4,-4,0,5,2,1
105,151,2,0,1,8,1,2
105,153,5,-1,2,12,2,3
105,155,2,0,1,12,2,3
105,156,2,0,1,12,2,1
105,157,2,0,1,12,2,3
105,158,2,0,1,12,2,3
105,159,1,1,0,12,2,1
105,170,1,-1,0,5,2,1
105,172,2,0,1,5,1,1
105,173,1,-1,0,12,2,5
105,190,2,0,1,8,1,1
105,228,9,1,4,12,2,2
105,230,3,-1,1,8,1,2
105,244,2,0,1,4,1,1
105,245,1,1,0,2,2,1
105,265,2,0,1,5,2,1
105,266,2,0,1,8,1,1
105,267,1,-1,0,4,1,1
105,268,1,1,0,2,2,1
105,271,7,3,2,12,2,4
105,273,5,1,2,5,1,1
105,279,1,1,0,5,1,1
105,284,2,2,0,4,1,1
105,286,7,-3,2,8,1,2
105,297,1,-1,0,3,1,1
105,300,2,0,1,3,1,1
105,302,1,1,0,4,1,1
105,304,2,0,1,8,1,2
105,305,2,0,1,8,1,2
105,306,2,-2,0,12,2,5
105,352,1,1,0,5,2,1
105,410,1,-1,0,12,1,1
105,647,2,2,0,3,1,1
105,679,1,-1,0,1,1,1
105,681,2,0,1,2,1,1
106,108,2,-2,0,4,1,4
106,113,1,-1,0,2,1,1
106,114,3,3,0,12,2,5
106,116,1,1,0,2,1,2
106,130,1,1,0,12,2,4
106,133,2,-2,0,3,1,1
106,135,4,-4,0,5,2,1
106,151,4,0,2,8,1,2
106,153,5,-1,2,12,2,3
106,155,2,0,1,12,2,3
106,156,2,0,1,12,2,1
106,157,2,0,1,12,2,3
106,158,2,0,1,12,2,3
106,159,1,1,0,12,2,1
106,170,1,-1,0,5,2,1
106,172,2,0,1,5,1,1
106,173,1,-1,0,12,2,5
106,190,3,-1,1,8,1,1
106,228,9,1,4,12,2,2
106,230,4,-2,1,8,1,2
106,244,3,1,1,4,1,1
106,265,2,0,1,5,2,1
106,266,3,-1,1,8,1,1
106,267,2,0,1,4,1,1
106,271,12,2,5,12,2,4
106,273,7,1,3,5,1,1
106,279,1,1,0,5,1,1
106,284,2,2,0,4,1,1
106,286,13,-1,6,8,1,2
106,297,1,-1,0,3,1,1
106,300,1,-1,0,3,1,1
106,301,1,1,0,1,1,1
106,302,1,1,0,4,1,1
106,304,3,-1,1,8,1,2
106,305,3,-1,1,8,1,2
106,306,2,-2,0,12,2,5
106,352,1,1,0,5,2,1
106,354,2,-2,0,4,1,4
106,410,1,-1,0,12,1,1
106,647,2,2,0,3,1,1
106,663,1,-1,0,2,1,1
106,680,1,-1,0,1,1,1
106,681,2,0,1,2,1,1
107,108,1,1,0,4,1,5
107,151,1,1,0,8,1,5
107,170,1,-1,0,1,1,1
107,190,1,1,0,8,1,1
107,228,4,0,2,4,1,1
107,230,1,1,0,8,1,3
107,266,1,1,0,8,1,1
107,286,1,1,0,8,1,3
107,304,1,1,0,8,1,3
107,305,1,1,0,8,1,3
107,352,4,-2,1,4,1,4
107,354,1,-1,0,4,1,5
107,355,2,-2,0,4,1,1
107,356,2,-2,0,4,1,1
108,109,1,1,0,2,1,1
108,110,3,1,1,4,1,1
108,474,1,1,0,2,1,1
108,669,4,0,2,1,1,1
109,110,1,-1,0,2,1,1
110,237,2,0,1,1,3,1
110,271,2,0,1,4,1,1
110,306,7,-3,2,4,1,1
110,474,1,1,0,2,1,1
110,479,1,1,0,2,1,1
110,517,1,1,0,1,2,1
111,112,1,1,0,1,1,1
111,659,2,0,1,3,1,1
114,115,1,1,0,2,1,1
114,118,1,1,0,2,2,1
114,127,1,-1,0,2,1,1
114,129,1,-1,0,2,1,1
114,130,3,-1,1,12,2,4
114,131,1,-1,0,1,1,1
114,132,1,-1,0,1,1,1
114,133,1,-1,0,3,1,1
114,153,1,1,0,12,2,3
114,155,1,1,0,12,2,3
114,156,1,1,0,12,2,1
114,157,1,1,0,12,2,3
114,158,1,1,0,12,2,3
114,159,1,1,0,12,2,1
114,173,7,3,2,12,2,5
114,193,5,3,1,5,1,1
114,231,1,1,0,2,3,1
114,237,3,3,0,12,2,2
114,271,11,-1,5,12,2,4
114,306,5,3,1,12,2,5
114,321,1,-1,0,12,1,1
114,375,1,-1,0,5,1,1
114,410,8,2,3,12,1,1
114,453,9,1,4,5,1,1
114,484,1,1,0,2,2,1
114,496,2,0,1,2,2,7
114,497,1,-1,0,1,1,1
114,499,1,1,0,3,1,6
114,504,1,1,0,3,1,1
114,518,1,1,0,2,2,1
114,519,1,1,0,2,1,1
114,520,1,-1,0,5,1,1
114,567,1,1,0,3,1,6
114,682,1,1,0,3,1,4
114,687,2,2,0,1,1,1
114,689,4,-4,0,2,1,3
115,116,1,1,0,2,1,1
116,117,1,1,0,1,1,1
116,129,2,2,0,2,1,1
118,119,1,1,0,2,2,1
118,124,1,1,0,2,1,1
119,120,1,1,0,2,1,2
119,121,1,1,0,2,1,1
119,173,1,-1,0,2,2,1
120,176,1,-1,0,2,1,1
120,179,1,-1,0,2,1,1
121,122,1,1,0,2,1,1
122,123,1,1,0,2,1,1
124,125,1,1,0,1,1,1
124,173,1,-1,0,2,1,1
125,126,1,1,0,1,1,1
127,128,1,-1,0,2,1,1
130,153,1,1,0,12,2,3
130,155,1,1,0,12,2,3
130,156,1,1,0,12,2,1
130,157,1,1,0,12,2,3
130,158,1,1,0,12,2,3
130,159,1,1,0,12,2,1
130,173,1,-1,0,12,2,4
130,237,1,-1,0,12,2,2
130,306,4,4,0,12,2,4
130,410,1,-1,0,12,1,1
130,518,1,1,0,2,1,1
130,689,9,-1,4,2,1,1
134,142,3,1,1,2,1,1
135,136,1,1,0,1,2,1
135,139,1,1,0,2,1,1
135,150,1,-1,0,1,1,1
135,151,13,1,6,5,2,3
135,262,1,1,0,2,1,1
135,265,3,-3,0,5,2,2
135,271,3,-3,0,5,2,3
135,286,2,0,1,2,2,1
135,292,3,-3,0,2,2,1
135,297,4,-2,1,3,1,1
135,300,1,-1,0,3,1,1
135,357,1,-1,0,3,1,1
135,358,1,-1,0,1,1,1
135,666,2,-2,0,1,1,1
136,137,1,1,0,1,2,1
137,138,1,1,0,1,1,1
139,140,1,1,0,1,1,1
139,141,1,1,0,2,1,1
143,144,1,1,0,2,2,1
143,145,1,1,0,2,1,1
144,145,1,1,0,2,1,1
147,148,1,1,0,2,1,1
151,152,4,0,2,1,1,1
151,153,3,-3,0,5,2,10
151,160,5,-5,0,5,2,9
151,170,2,0,1,5,2,5
151,172,1,1,0,5,1,1
151,177,1,1,0,5,2,8
151,186,1,-1,0,5,2,8
151,190,3,1,1,8,1,1
151,228,1,-1,0,2,2,1
151,230,1,1,0,8,1,3
151,262,2,0,1,2,1,1
151,265,2,-2,0,5,2,2
151,266,1,1,0,8,1,1
151,271,2,-2,0,8,1,2
151,286,6,0,3,8,1,3
151,298,1,-1,0,1,2,1
151,304,1,1,0,8,1,3
151,305,1,1,0,8,1,3
151,353,1,-1,0,2,1,1
151,514,2,-2,0,5,2,10
151,667,2,-2,0,8,1,2
153,154,2,2,0,2,2,1
153,160,1,1,0,5,2,9
153,173,1,-1,0,12,2,3
153,228,3,-3,0,12,2,2
153,237,1,-1,0,12,2,2
153,271,3,1,1,12,2,3
153,306,16,-4,6,12,2,3
153,321,1,-1,0,12,1,1
153,352,2,-2,0,5,3,1
153,514,2,-2,0,5,3,1
153,520,1,-1,0,5,3,1
153,580,2,0,1,5,3,3
153,583,2,0,1,5,3,3
153,684,2,-2,0,2,1,1
153,701,1,-1,0,5,3,3
155,173,1,-1,0,12,2,3
155,228,1,-1,0,12,2,2
155,237,1,-1,0,12,2,2
155,271,1,1,0,12,2,3
155,306,9,-3,3,12,2,3
155,321,1,-1,0,12,1,1
155,352,2,-2,0,5,3,1
155,514,2,-2,0,5,3,1
155,520,1,-1,0,5,3,1
155,580,2,0,1,5,3,3
155,583,2,0,1,5,3,3
155,701,1,-1,0,5,3,3
156,173,1,-1,0,12,2,1
156,228,1,-1,0,12,2,1
156,237,1,-1,0,12,2,1
156,271,3,1,1,12,2,1
156,306,6,-4,1,12,2,1
156,352,2,-2,0,2,1,2
156,514,2,-2,0,2,1,1
156,520,1,-1,0,2,1,1
157,173,1,-1,0,12,2,3
157,228,1,-1,0,12,2,2
157,237,1,-1,0,12,2,2
157,266,1,-1,0,1,1,1
157,271,1,1,0,12,2,3
157,306,9,-3,3,12,2,3
157,321,1,-1,0,12,1,1
157,352,2,-2,0,5,3,1
157,514,2,-2,0,5,3,1
157,520,1,-1,0,5,3,1
157,580,2,0,1,5,3,3
157,583,2,0,1,5,3,3
157,701,1,-1,0,5,3,3
158,173,1,-1,0,12,2,3
158,228,1,-1,0,12,2,2
158,237,1,-1,0,12,2,2
158,271,1,1,0,12,2,3
158,306,8,-4,2,12,2,3
158,321,1,-1,0,12,1,1
158,352,2,-2,0,5,3,1
158,514,2,-2,0,5,3,1
158,520,1,-1,0,5,3,1
158,580,2,0,1,5,3,3
158,583,2,0,1,5,3,3
158,701,1,-1,0,5,3,3
159,173,1,-1,0,12,2,1
159,190,1,-1,0,5,1,1
159,228,1,-1,0,12,2,1
159,237,1,-1,0,12,2,1
159,306,5,-1,2,12,2,1
159,321,1,-1,0,12,1,1
159,352,2,-2,0,5,3,1
159,514,2,-2,0,5,3,1
159,520,1,-1,0,5,3,1
159,580,2,0,1,5,3,3
159,583,2,0,1,5,3,3
159,701,1,-1,0,5,3,3
160,162,1,1,0,2,2,1
160,177,7,1,3,5,2,8
160,186,1,1,0,5,2,8
160,306,4,0,2,5,2,1
160,472,2,2,0,2,1,1
161,271,2,-2,0,4,1,1
161,409,1,-1,0,4,1,1
161,617,1,-1,0,2,1,1
161,618,1,-1,0,2,1,1
161,619,1,-1,0,2,1,1
162,306,2,0,1,2,2,2
163,164,1,1,0,3,1,1
163,165,3,-1,1,3,1,1
165,166,4,2,1,3,1,1
165,636,2,-2,0,1,1,1
165,637,2,2,0,1,1,1
166,167,5,-3,1,1,1,1
167,168,1,1,0,1,1,1
167,170,5,-3,1,5,1,1
167,172,2,0,1,5,1,1
167,515,1,-1,0,2,1,1
169,515,1,-1,0,2,1,1
170,171,1,1,0,1,2,1
173,174,1,-1,0,1,1,1
173,175,5,3,1,5,1,1
173,177,1,1,0,5,2,7
173,186,3,-1,1,5,2,7
173,193,4,0,2,5,2,1
173,194,1,-1,0,2,1,1
173,199,1,-1,0,1,1,1
173,200,1,-1,0,1,1,1
173,201,1,1,0,5,2,7
173,211,3,-1,1,5,2,7
173,218,1,1,0,2,2,1
173,227,2,0,1,5,1,1
173,236,1,-1,0,2,1,1
173,237,3,3,0,12,2,2
173,247,1,1,0,3,1,1
173,248,1,1,0,3,1,1
173,249,1,1,0,3,1,1
173,250,1,1,0,3,1,1
173,271,8,-2,3,12,2,4
173,306,4,2,1,12,2,5
173,321,1,-1,0,12,1,1
173,357,1,1,0,3,1,2
173,410,7,-1,3,12,1,1
173,453,8,0,4,5,2,5
173,654,1,1,0,2,1,1
173,660,1,1,0,2,1,1
175,176,1,1,0,2,1,1
175,186,1,1,0,5,1,1
175,211,1,-1,0,5,1,1
175,253,1,-1,0,2,1,2
175,654,1,1,0,2,1,1
175,660,1,1,0,2,1,1
177,178,2,2,0,2,2,1
177,181,1,1,0,1,2,1
177,185,1,-1,0,5,1,1
177,186,8,-4,2,5,2,8
177,187,2,0,1,2,3,1
177,188,5,-1,2,2,3,1
177,189,3,-1,1,2,1,1
177,192,1,-1,0,1,1,1
177,649,2,-2,0,1,1,1
178,179,1,1,0,2,1,1
178,188,1,-1,0,2,2,1
179,180,1,1,0,1,1,1
181,182,1,1,0,1,3,1
182,183,1,1,0,1,2,1
183,184,1,1,0,1,1,1
185,211,5,-5,0,5,1,1
185,239,1,1,0,2,1,1
185,240,1,-1,0,2,1,1
187,188,1,-1,0,2,4,1
190,271,5,-1,2,8,1,1
190,306,1,-1,0,5,1,1
190,352,2,-2,0,5,1,1
190,667,2,-2,0,8,1,1
193,194,1,1,0,2,1,1
193,237,1,-1,0,3,1,1
193,246,1,1,0,2,1,1
193,271,3,-1,1,5,2,1
193,343,2,0,1,3,1,2
193,483,1,1,0,1,1,1
193,565,1,-1,0,2,1,1
193,690,2,0,1,3,1,1
194,195,1,1,0,1,1,1
195,196,1,1,0,1,2,1
196,197,1,1,0,1,2,1
197,198,1,1,0,1,1,1
201,202,1,1,0,1,1,1
201,204,1,1,0,3,1,1
201,211,2,-2,0,5,2,8
201,212,1,-1,0,3,1,1
201,213,1,-1,0,3,1,1
201,214,2,-2,0,5,3,1
201,221,3,3,0,5,3,1
201,222,3,3,0,5,3,1
201,223,3,3,0,5,3,1
201,224,1,-1,0,5,2,1
201,226,1,1,0,5,1,1
201,232,2,-2,0,5,3,2
202,203,1,1,0,1,1,1
204,205,1,1,0,1,1,1
204,206,1,1,0,2,1,1
204,211,1,-1,0,2,1,1
204,212,1,-1,0,3,1,1
204,213,1,-1,0,3,1,1
204,214,1,-1,0,1,1,1
206,207,1,1,0,2,1,1
206,208,1,1,0,2,1,1
207,325,2,-2,0,2,1,1
208,209,1,1,0,1,1,1
208,210,1,1,0,1,1,1
208,325,1,-1,0,2,1,1
211,214,1,1,0,5,2,8
211,218,1,1,0,2,1,1
211,229,1,-1,0,5,2,1
211,232,2,-2,0,5,2,8
214,221,3,3,0,5,3,1
214,222,3,3,0,5,3,1
214,223,3,3,0,5,3,1
214,232,2,-2,0,5,3,1
215,216,1,1,0,1,1,1
215,218,1,1,0,2,1,1
215,221,1,-1,0,5,3,1
215,222,1,-1,0,5,3,1
215,223,1,-1,0,5,3,1
215,224,1,1,0,5,2,1
215,225,1,-1,0,2,1,1
215,226,2,2,0,5,1,1
215,227,2,2,0,5,1,1
215,232,2,-2,0,5,3,1
216,217,1,1,0,1,1,1
218,219,1,-1,0,1,1,1
221,224,1,1,0,5,2,1
221,232,2,-2,0,5,3,1
221,657,1,1,0,1,1,1
222,224,1,1,0,5,2,1
222,232,2,-2,0,5,3,1
222,657,1,1,0,1,1,1
223,224,1,1,0,5,2,1
223,232,2,-2,0,5,3,1
223,657,1,1,0,1,1,1
224,225,1,-1,0,1,1,1
224,226,1,1,0,5,1,1
224,227,2,2,0,5,1,1
225,226,1,1,0,2,1,1
225,227,2,-2,0,1,1,1
226,227,1,1,0,5,1,1
228,271,1,-1,0,12,2,2
228,306,3,-3,0,12,2,2
228,330,2,-2,0,4,1,1
228,352,4,-4,0,4,1,1
228,354,1,1,0,4,1,1
228,675,1,1,0,2,1,1
229,253,2,0,1,2,1,3
229,257,1,1,0,2,1,4
229,259,1,-1,0,2,1,1
229,260,1,1,0,1,1,1
230,271,5,-1,2,8,1,2
230,306,6,-2,2,3,1,1
230,321,1,-1,0,3,1,1
230,352,2,-2,0,1,1,1
230,667,2,-2,0,8,1,2
231,255,3,-3,0,2,2,1
237,271,9,-5,2,12,2,2
237,306,1,1,0,12,2,2
237,357,1,1,0,3,1,1
237,410,6,0,3,12,1,1
237,453,3,1,1,3,1,1
237,513,1,-1,0,1,2,1
244,267,1,-1,0,4,1,1
244,273,2,2,0,4,1,1
244,663,1,1,0,1,1,1
245,246,1,1,0,2,1,1
245,267,1,-1,0,2,1,1
245,268,1,-1,0,2,2,1
245,663,1,1,0,2,1,1
249,250,1,-1,0,3,1,1
253,254,1,1,0,2,1,1
254,255,1,1,0,2,1,1
255,359,1,1,0,2,2,1
257,258,1,1,0,2,1,5
257,259,1,-1,0,2,1,1
258,359,2,0,1,2,1,6
258,384,1,-1,0,2,1,1
262,263,1,1,0,1,1,1
262,264,1,1,0,1,1,1
265,271,3,1,1,5,2,2
265,306,1,1,0,5,2,1
266,271,4,-4,0,8,1,1
266,306,6,-2,2,3,1,1
266,321,1,-1,0,3,1,1
266,352,2,-2,0,1,2,1
266,509,1,-1,0,3,1,1
266,594,1,-1,0,1,2,1
266,667,2,-2,0,8,1,1
267,269,1,1,0,2,1,1
267,271,1,1,0,4,1,1
268,269,1,1,0,2,1,2
268,271,2,0,1,2,2,2
269,270,1,1,0,2,1,1
270,273,1,1,0,2,1,1
271,272,1,1,0,1,1,1
271,273,6,2,2,5,1,1
271,279,1,1,0,5,1,1
271,282,2,0,1,2,1,1
271,284,2,2,0,4,1,1
271,286,1,1,0,8,1,2
271,302,1,1,0,4,1,1
271,304,1,1,0,8,1,2
271,305,3,1,1,8,1,2
271,306,4,0,2,12,2,4
271,321,3,1,1,12,1,1
271,330,1,1,0,4,1,1
271,343,1,1,0,3,1,6
271,346,3,3,0,3,1,10
271,375,2,0,1,5,1,2
271,409,1,-1,0,4,1,2
271,410,5,-1,2,12,1,1
271,453,1,1,0,5,2,5
271,468,2,0,1,3,1,1
271,504,2,0,1,3,1,1
271,509,2,0,1,3,1,1
271,516,2,0,1,2,1,1
271,519,1,1,0,2,1,1
271,520,1,1,0,5,2,7
271,522,2,0,1,3,1,10
271,530,2,0,1,2,1,1
271,532,2,0,1,3,1,1
271,567,1,1,0,3,1,8
271,580,11,5,3,5,2,7
271,583,2,0,1,5,2,7
271,588,1,1,0,1,1,1
271,590,2,0,1,2,2,1
271,591,2,0,1,2,2,1
271,592,2,2,0,3,1,1
271,593,3,-1,1,3,1,1
271,604,2,2,0,3,1,1
271,616,1,1,0,1,1,1
271,617,1,-1,0,2,1,1
271,618,1,-1,0,2,1,1
271,619,1,-1,0,2,1,1
271,620,1,-1,0,2,1,1
271,621,1,-1,0,2,1,1
271,622,1,-1,0,2,1,1
271,693,1,1,0,2,1,1
271,696,1,1,0,2,1,1
271,697,2,0,1,1,1,1
271,701,2,0,1,5,2,7
271,702,1,1,0,2,1,1
271,706,2,-2,0,1,1,1
273,274,1,1,0,2,1,1
273,279,2,0,1,5,1,1
273,280,1,-1,0,1,1,1
273,283,1,-1,0,2,1,1
273,303,1,-1,0,2,1,1
273,306,5,-1,2,5,1,1
273,347,4,-2,1,2,2,1
273,594,3,-3,0,4,1,6
273,596,1,1,0,4,1,1
273,597,1,1,0,4,1,6
273,598,1,-1,0,4,1,1
273,599,2,0,1,4,1,1
273,601,1,-1,0,4,1,1
273,602,1,-1,0,4,1,1
273,603,1,-1,0,4,1,1
273,605,1,-1,0,4,1,1
273,606,1,-1,0,4,1,6
273,607,2,0,1,2,2,1
273,608,1,-1,0,1,1,1
273,704,1,-1,0,2,1,1
273,705,1,-1,0,2,1,1
274,275,1,1,0,2,1,1
275,276,1,1,0,2,1,1
276,277,1,1,0,2,1,1
277,278,1,1,0,1,1,1
277,334,1,-1,0,2,1,1
279,303,1,1,0,2,1,1
279,306,3,1,1,5,1,1
279,607,2,-2,0,2,1,1
281,283,1,1,0,1,1,1
282,283,1,1,0,2,1,1
284,302,1,-1,0,4,1,1
285,286,3,-1,1,1,1,1
286,287,1,1,0,1,2,1
286,289,1,1,0,1,3,1
286,292,6,6,0,2,2,1
286,293,2,2,0,2,1,1
286,294,4,2,1,2,1,1
286,295,2,0,1,2,1,1
286,296,3,3,0,1,2,1
286,667,2,-2,0,8,1,2
287,288,1,1,0,1,1,1
289,290,1,1,0,1,2,1
290,291,1,1,0,1,1,1
292,293,1,-1,0,2,1,1
292,294,2,-2,0,2,1,1
292,295,2,2,0,2,1,1
296,665,2,2,0,1,1,1
298,299,1,1,0,1,1,1
304,305,1,1,0,8,1,3
304,667,2,-2,0,8,1,2
305,667,2,-2,0,8,1,2
306,307,1,1,0,3,1,2
306,312,1,1,0,2,1,1
306,320,1,1,0,2,1,1
306,321,18,0,9,12,1,1
306,324,1,1,0,2,1,4
306,326,2,2,0,2,1,1
306,327,1,1,0,2,1,1
306,328,2,0,1,3,1,1
306,329,2,0,1,3,1,1
306,330,4,-2,1,4,1,1
306,343,5,1,2,3,1,6
306,346,3,-1,1,3,1,11
306,347,1,-1,0,2,2,3
306,350,1,1,0,2,1,1
306,359,2,0,1,5,1,1
306,375,3,1,1,5,1,2
306,376,1,1,0,3,1,1
306,377,2,2,0,3,1,11
306,409,1,1,0,4,1,1
306,453,2,-2,0,5,2,1
306,466,1,1,0,2,1,1
306,468,3,1,1,3,1,1
306,469,1,1,0,2,1,1
306,470,2,2,0,1,2,1
306,472,1,1,0,2,1,1
306,480,1,1,0,1,1,1
306,482,1,1,0,2,1,1
306,499,1,-1,0,3,1,7
306,500,2,-2,0,2,1,1
306,502,1,-1,0,2,1,1
306,503,1,-1,0,2,1,1
306,504,1,-1,0,3,1,1
306,506,1,-1,0,1,2,1
306,508,1,-1,0,1,1,1
306,509,1,-1,0,3,1,1
306,510,1,-1,0,3,1,1
306,514,4,0,2,5,2,1
306,515,1,1,0,2,1,2
306,518,1,-1,0,2,2,1
306,520,12,2,5,5,2,1
306,522,4,0,2,3,1,10
306,524,2,2,0,2,2,1
306,525,2,2,0,2,1,1
306,529,2,2,0,2,1,1
306,530,4,2,1,2,1,1
306,532,7,3,2,3,1,1
306,534,3,3,0,3,1,1
306,535,3,3,0,3,1,6
306,557,1,-1,0,2,1,1
306,558,1,-1,0,2,1,1
306,559,1,-1,0,2,1,1
306,560,1,-1,0,2,1,1
306,562,1,-1,0,2,2,1
306,563,2,2,0,2,1,1
306,577,1,1,0,2,1,1
306,578,1,-1,0,1,1,1
306,587,2,2,0,1,1,1
306,607,2,-2,0,2,2,1
306,686,1,-1,0,2,1,1
306,688,3,1,1,1,1,1
306,690,1,-1,0,3,1,1
306,691,1,-1,0,2,1,1
306,693,1,-1,0,2,1,1
307,308,1,1,0,2,1,1
307,324,1,-1,0,2,1,2
307,326,1,-1,0,2,1,1
307,327,1,-1,0,2,1,1
307,328,1,-1,0,3,1,1
307,329,1,-1,0,3,1,1
307,473,1,-1,0,3,1,1
308,309,1,1,0,2,1,1
309,310,1,1,0,2,1,1
310,311,1,1,0,2,1,1
312,313,1,1,0,2,1,1
313,314,1,1,0,2,1,1
313,318,1,1,0,2,1,1
314,315,1,1,0,2,1,1
315,316,1,1,0,2,1,1
316,317,1,1,0,2,1,1
317,368,1,-1,0,2,1,1
318,319,1,1,0,2,1,1
319,427,1,-1,0,2,1,2
319,428,1,1,0,1,1,1
319,429,1,1,0,2,1,1
320,321,1,1,0,2,1,1
320,322,1,1,0,1,1,1
321,331,1,1,0,1,1,1
321,332,1,1,0,2,1,1
321,335,1,1,0,3,1,4
321,345,1,-1,0,1,2,1
321,346,1,1,0,3,1,12
321,347,1,-1,0,2,2,4
321,348,1,-1,0,1,1,1
321,349,1,-1,0,1,1,1
321,350,2,0,1,2,1,1
321,351,1,-1,0,1,1,1
321,359,5,1,2,3,2,2
321,361,2,2,0,3,1,4
321,373,1,1,0,2,1,1
321,374,1,1,0,2,2,1
321,375,1,1,0,2,1,1
321,376,2,0,1,3,1,1
321,377,1,1,0,3,2,1
321,378,1,1,0,3,2,2
321,379,1,1,0,3,2,1
321,380,1,1,0,3,1,1
321,391,1,1,0,2,2,5
321,410,1,1,0,12,1,1
321,453,2,2,0,3,1,4
321,500,1,1,0,2,1,1
321,579,1,-1,0,1,1,1
321,670,1,-1,0,3,1,1
321,700,2,0,1,1,1,1
322,323,1,1,0,1,1,1
324,325,1,1,0,2,1,3
324,330,1,-1,0,2,1,2
325,329,1,-1,0,2,1,2
328,473,1,1,0,3,1,1
328,517,1,-1,0,1,1,1
329,469,1,-1,0,2,1,1
329,473,1,1,0,3,1,1
329,479,1,-1,0,2,1,1
330,620,1,-1,0,2,1,1
330,621,1,-1,0,2,1,1
330,622,1,-1,0,2,1,1
330,676,2,0,1,1,1,1
332,333,1,1,0,2,1,1
333,334,1,1,0,2,1,1
335,336,1,1,0,3,1,1
335,339,1,-1,0,3,1,4
335,340,1,-1,0,1,1,1
335,342,1,-1,0,3,1,1
336,337,1,1,0,1,1,1
336,339,1,-1,0,3,1,1
336,342,1,-1,0,3,1,1
337,338,1,1,0,1,2,1
338,547,1,-1,0,1,3,1
339,534,1,-1,0,3,1,1
339,535,1,-1,0,3,1,4
340,341,1,-1,0,1,1,1
342,343,1,-1,0,3,1,1
342,344,1,-1,0,1,1,1
343,520,1,1,0,3,1,4
343,576,1,-1,0,3,1,1
345,346,1,-1,0,1,2,1
346,359,1,-1,0,3,1,12
346,707,1,1,0,1,1,1
347,599,1,-1,0,2,1,2
347,609,1,-1,0,1,1,1
352,353,1,1,0,2,1,1
352,354,2,-2,0,4,1,4
352,355,2,2,0,4,1,1
352,356,2,2,0,4,1,1
352,668,2,-2,0,1,1,1
352,675,1,-1,0,2,1,1
354,675,1,-1,0,1,1,1
357,359,3,-3,0,3,1,3
357,370,1,-1,0,3,1,1
359,360,1,1,0,1,1,1
359,361,1,1,0,3,1,4
359,369,1,-1,0,3,1,1
359,370,1,-1,0,3,1,1
359,373,3,1,1,2,1,1
359,374,1,1,0,2,2,1
359,375,1,1,0,5,1,1
359,376,1,1,0,3,1,1
359,377,1,1,0,3,2,1
359,378,1,1,0,3,2,2
359,379,1,1,0,3,2,1
359,380,1,1,0,3,1,1
359,381,1,-1,0,3,1,1
359,382,1,1,0,1,2,1
359,384,1,-1,0,2,1,1
359,385,1,1,0,1,1,1
359,387,1,-1,0,1,2,1
359,389,5,-1,2,1,1,1
359,390,2,0,1,1,1,1
359,670,1,-1,0,3,1,1
359,672,1,-1,0,1,1,1
359,673,1,-1,0,3,1,8
359,674,1,-1,0,1,1,1
361,362,1,1,0,2,1,1
361,369,1,-1,0,3,1,1
361,381,1,1,0,3,1,1
361,386,2,0,1,2,1,1
361,671,2,-2,0,2,1,1
362,363,1,1,0,2,1,1
363,364,1,1,0,2,1,1
364,365,1,1,0,2,1,1
365,366,1,1,0,2,1,1
366,367,1,1,0,2,1,1
367,368,1,1,0,2,1,1
369,370,1,1,0,3,1,1
369,371,1,1,0,1,1,1
370,371,1,1,0,1,1,1
371,372,1,1,0,1,1,1
374,375,1,-1,0,2,1,1
375,580,1,-1,0,5,1,2
377,378,1,1,0,3,2,1
378,379,1,1,0,3,2,1
379,380,1,1,0,3,1,1
381,670,1,-1,0,3,1,1
382,383,1,1,0,1,1,1
386,671,1,-1,0,2,1,1
387,388,1,-1,0,1,1,1
391,392,1,1,0,1,2,1
391,394,1,1,0,1,3,1
391,398,1,1,0,2,2,1
391,496,1,-1,0,2,2,6
392,393,1,1,0,1,1,1
394,395,1,1,0,1,3,1
395,396,1,1,0,1,2,1
396,397,1,1,0,1,1,1
398,399,1,1,0,2,1,2
398,496,1,-1,0,2,2,1
399,400,1,1,0,2,1,1
399,402,1,1,0,2,1,1
400,401,1,-1,0,1,1,1
400,402,1,1,0,2,1,1
402,403,1,1,0,1,1,1
403,404,1,1,0,1,2,1
404,405,1,1,0,1,3,1
405,406,1,1,0,1,3,1
406,407,1,1,0,1,2,1
407,408,1,1,0,1,1,1
410,411,1,1,0,2,1,1
410,417,1,1,0,1,3,1
410,436,1,1,0,2,1,1
410,452,1,1,0,1,1,1
410,453,3,1,1,3,1,4
410,499,2,2,0,3,1,6
410,533,1,-1,0,2,1,1
410,564,3,1,1,1,1,1
410,566,1,-1,0,2,1,1
410,573,1,-1,0,1,2,1
410,577,1,-1,0,2,1,1
410,673,1,1,0,3,1,6
410,694,1,1,0,3,1,1
410,695,1,1,0,3,1,1
411,412,1,1,0,2,1,1
411,421,1,1,0,1,1,1
412,413,1,1,0,1,1,1
412,427,1,1,0,2,1,1
413,414,1,1,0,1,2,1
414,415,1,1,0,1,2,1
415,416,1,1,0,1,1,1
417,418,1,1,0,1,1,1
417,419,1,1,0,1,2,1
419,420,1,1,0,1,1,1
421,422,1,1,0,1,2,1
422,423,1,1,0,1,3,1
423,424,1,1,0,1,1,1
423,425,1,1,0,1,2,1
425,426,1,1,0,1,1,1
427,431,1,1,0,2,1,1
429,430,1,1,0,2,1,1
430,451,1,-1,0,2,1,1
432,433,1,1,0,1,2,1
433,434,1,1,0,1,2,1
434,435,1,1,0,1,1,1
436,437,1,1,0,1,1,1
436,442,1,1,0,2,1,1
437,438,1,1,0,1,2,1
438,439,1,1,0,1,3,1
439,440,1,1,0,1,2,1
440,441,1,1,0,1,1,1
442,443,1,1,0,2,1,1
442,450,1,1,0,2,1,1
443,444,1,1,0,2,1,1
444,445,1,1,0,2,1,1
445,446,1,1,0,2,1,1
447,448,1,1,0,1,2,1
448,449,1,1,0,1,1,1
450,451,1,1,0,2,1,1
453,455,1,1,0,1,1,1
453,464,1,1,0,1,2,1
453,520,2,0,1,5,2,5
455,456,1,1,0,2,1,1
455,462,1,1,0,2,1,1
456,457,1,1,0,2,1,1
457,458,1,1,0,1,1,1
457,460,1,1,0,1,1,1
457,461,1,1,0,2,1,1
462,463,1,1,0,2,1,1
463,552,1,-1,0,2,1,1
464,465,1,1,0,1,1,1
466,467,1,1,0,2,1,1
467,503,1,-1,0,2,1,1
470,471,1,1,0,1,1,1
474,475,1,1,0,1,1,1
475,476,1,1,0,1,2,1
476,477,1,1,0,1,2,1
477,478,1,1,0,1,1,1
481,482,1,1,0,2,1,1
484,485,1,1,0,2,1,1
484,491,1,1,0,1,2,1
484,494,1,-1,0,1,1,1
485,486,1,1,0,2,1,1
486,487,1,1,0,1,1,1
486,549,1,-1,0,2,1,1
487,488,1,1,0,1,2,1
488,489,1,1,0,1,2,1
489,490,1,1,0,1,1,1
491,492,1,1,0,1,2,1
492,493,1,1,0,1,1,1
496,498,1,1,0,1,1,1
496,678,1,1,0,1,1,1
500,501,1,1,0,1,1,1
504,505,1,1,0,1,1,1
506,507,1,1,0,1,1,1
510,567,1,-1,0,3,1,1
512,513,3,-3,0,1,1,1
514,516,1,1,0,2,1,1
520,522,3,-1,1,3,1,4
520,532,3,-1,1,3,1,1
520,550,1,1,0,2,1,1
520,690,1,-1,0,3,1,1
522,523,1,1,0,1,1,1
522,576,1,1,0,3,1,1
523,524,1,1,0,1,1,1
524,532,1,-1,0,2,2,1
524,533,1,1,0,2,1,1
525,526,1,1,0,1,1,1
525,529,1,-1,0,2,1,1
526,527,1,1,0,1,2,1
527,528,1,1,0,1,1,1
530,531,1,1,0,1,1,1
532,538,1,1,0,1,2,1
532,544,1,1,0,1,1,1
532,548,1,1,0,2,1,1
532,557,3,3,0,2,1,1
532,558,3,3,0,2,1,1
532,559,3,3,0,2,1,1
532,560,3,3,0,2,1,1
532,562,3,3,0,2,2,1
532,696,1,-1,0,2,1,1
534,535,1,1,0,3,1,1
534,536,2,2,0,1,1,1
535,536,2,2,0,1,1,1
536,537,1,1,0,1,1,1
538,539,1,1,0,1,5,1
538,545,1,1,0,1,6,1
539,540,1,1,0,1,4,1
540,541,1,1,0,1,3,1
541,542,1,1,0,1,2,1
542,543,1,1,0,1,1,1
545,546,1,1,0,1,5,1
546,547,1,1,0,1,4,1
548,549,1,1,0,2,1,1
550,551,1,1,0,2,1,1
551,552,1,1,0,2,1,1
551,553,1,1,0,1,1,1
553,554,1,1,0,1,2,1
554,555,1,1,0,1,2,1
555,556,1,1,0,1,1,1
560,561,1,1,0,1,1,1
562,563,1,1,0,2,1,1
565,566,1,1,0,2,1,1
572,573,1,-1,0,1,1,1
576,673,1,1,0,3,1,1
580,581,1,1,0,1,1,1
580,583,4,0,2,5,3,4
580,590,1,-1,0,2,2,1
580,591,1,-1,0,2,2,1
580,701,1,1,0,5,3,4
580,702,1,1,0,2,1,1
581,582,1,1,0,1,1,1
583,584,1,1,0,1,2,1
583,586,1,1,0,1,3,1
584,585,1,1,0,1,1,1
589,590,1,-1,0,2,1,1
589,591,1,-1,0,2,1,1
592,593,2,0,1,3,1,1
592,604,1,1,0,3,1,1
593,604,1,1,0,3,1,1
594,595,1,1,0,1,1,1
594,596,3,3,0,4,1,1
594,597,2,2,0,4,1,6
594,598,1,-1,0,4,1,1
594,599,1,-1,0,4,1,1
594,601,1,-1,0,4,1,1
594,602,1,-1,0,4,1,1
594,603,1,-1,0,4,1,1
594,605,1,-1,0,4,1,1
594,606,2,0,1,4,1,6
596,597,2,2,0,4,1,1
596,606,1,-1,0,4,1,1
596,703,1,-1,0,1,1,1
597,598,1,1,0,4,1,1
597,599,1,-1,0,4,1,1
597,601,1,-1,0,4,1,1
597,602,1,-1,0,4,1,1
597,603,1,-1,0,4,1,1
597,605,2,-2,0,4,1,1
597,606,2,-2,0,4,1,6
598,606,4,4,0,4,1,1
599,600,1,1,0,1,1,1
599,606,2,2,0,4,1,1
599,704,1,1,0,2,1,1
599,705,1,1,0,2,1,1
601,606,1,1,0,4,1,1
602,606,1,1,0,4,1,1
603,606,3,3,0,4,1,1
605,606,7,-3,2,4,1,1
606,703,1,-1,0,1,1,1
622,623,1,-1,0,1,1,1
628,629,2,2,0,1,1,1
