id,name,degree,peel,diversity,betweenness,pagerank,norm_peel,norm_diversity,norm_betweenness,norm_pagerank
1,Mord Sighvatson Gigja,5,3,0.6730116670092565,0.004153301668919684,0.002077151031211733,0.25,0.31168230775497724,0.019801400512903748,0.05730366786481276
2,Sighvat the Red,3,2,1.0986122886681096,0.00018211701094575822,0.0006418828285864272,0.16666666666666666,0.5087846619089057,0.0008682663002631918,0.017708024050608284
3,Unn Mardardottir,6,4,1.5607104090414063,0.004818352657673781,0.0019244691219553092,0.3333333333333333,0.7227895828149878,0.022972116738110643,0.053091536303107485
4,Hoskuld Dala-Kollsson,12,4,1.8200759753606213,0.03516125384782805,0.004211278790654039,0.3333333333333333,0.8429058634461788,0.16763580531288996,0.11617918845554108
5,Dala-Koll,1,1,-0.0,0.0,0.0003178982513330719,0.08333333333333333,-0.0,0.0,0.008770058380669679
6,Thorgerd Thorsteinsdottir,3,2,0.6365141682948128,0.030384852518021012,0.000811377159327095,0.16666666666666666,0.2947797410028236,0.14486369693231183,0.022383970425131638
7,Thorstein Olafsson the Red,5,2,-0.0,0.030418580263917812,0.002282079380309118,0.16666666666666666,-0.0,0.1450244983038803,0.0629571547207543
8,Olaf Ingjaldsson the White,2,2,-0.0,0.014827910583525762,0.001155422917985333,0.16666666666666666,-0.0,0.07069397304585626,0.031875376484780636
9,Ingjald Helgason,3,2,0.6365141682948128,0.012236813670205982,0.0019284813069970295,0.16666666666666666,0.2947797410028236,0.05834058486499262,0.053202222967480076
10,Helgi,1,1,-0.0,0.0,0.0007662491383903069,0.08333333333333333,-0.0,0.0,0.02113899541642972
11,Thora,2,2,-0.0,0.006929384608934487,0.0013426020122837491,0.16666666666666666,-0.0,0.03303673339604845,0.037039203519859405
12,Sigurd Snake-in-the-eye,2,2,-0.0,0.004373865090001062,0.0013554777567321265,0.16666666666666666,-0.0,0.020852965024100122,0.037394414755005656
13,Ragnar Shaggy-breeches,3,2,0.6365141682948128,0.008605429530178938,0.001998918242889028,0.16666666666666666,0.2947797410028236,0.04102749337660439,0.05514541088165672
14,Unn the Deep-minded,2,2,-0.0,0.0069754845034895,0.0010748426669519614,0.16666666666666666,-0.0,0.03325652057946387,0.029652358575974137
15,Ketil Flat-nose,3,2,-0.0,0.00608284322033357,0.0016467354448175672,0.16666666666666666,-0.0,0.0290007383196791,0.04542952321381855
16,Bjorn Buna,4,2,0.5623351446188083,0.012089502362308486,0.0022679344419426852,0.16666666666666666,0.26042626628656707,0.05763825923582234,0.0625669294372103
17,Hrut Herjolfsson,19,4,1.590269601106531,0.050725605910209484,0.01006323515571895,0.3333333333333333,0.7364789104297258,0.24184085793821955,0.27762077785572664
18,Herjolf,2,2,0.6931471805599453,0.0,0.0004719799714433423,0.16666666666666666,0.3210073813591232,0.0,0.013020807402076754
19,Hallgerd Hoskuldsdottir Long-hose,40,9,2.156961316732746,0.07338852584054759,0.014546174787050612,0.75,0.9989227733970772,0.34988924693213047,0.4012944442534831
20,Thorleik Hoskuldsson,5,3,1.3321790402101223,0.00282086328497033,0.0012172914799263616,0.25,0.6169531049003207,0.013448828943930728,0.033582183294429954
21,Bolli Thorleiksson,1,1,-0.0,0.0,0.0003477913037403769,0.08333333333333333,-0.0,0.0,0.009594736760274244
22,Olaf Hoskuldsson Peacock,3,2,1.0986122886681096,0.002728386876418942,0.0014202239490973656,0.16666666666666666,0.5087846619089057,0.013007935758293851,0.03918060855943236
23,Kjartan Olafsson,1,1,-0.0,0.0,0.0003282020687819742,0.08333333333333333,-0.0,0.0,0.009054316253091749
24,Bard Hoskuldsson,2,2,0.6931471805599453,0.0,0.0006759679489808678,0.16666666666666666,0.3210073813591232,0.0,0.01864835163818662
25,Thjostolf Bjarnarson,7,3,1.5498260458782016,0.0055687139961746665,0.004441614278512785,0.25,0.7177488627272866,0.026549561040854812,0.12253359797868361
26,Bjorn Gold-bearer,1,1,-0.0,0.0,0.0003105306478986509,0.08333333333333333,-0.0,0.0,0.008566803685261503
27,Ozur,5,3,1.0549201679861442,0.00015727818601098576,0.001228854368156136,0.25,0.48855015235667143,0.0007498440039768585,0.033901175941917126
28,Eyvind,1,1,-0.0,0.0,0.00042707806920696574,0.08333333333333333,-0.0,0.0,0.011782070471738763
29,Harald Eiriksson Grey-cloak,3,2,1.0986122886681096,0.003443344156890782,0.0016133853809228633,0.16666666666666666,0.5087846619089057,0.016416586655526123,0.04450947409077643
30,Eirik Haraldsson Blood-axe,2,2,-0.0,0.0007652269187711301,0.000743995526409257,0.16666666666666666,-0.0,0.0036483178708720536,0.020525071069767944
31,Harald Halfdanarson Fair-hair,2,2,-0.0,9.859393681948086e-05,0.0009427220168875579,0.16666666666666666,-0.0,0.0004700592893880209,0.026007463363440123
32,Gunnhild Ozurardottir,6,3,1.3296613488547582,0.005475525552675814,0.002874798898496362,0.25,0.6157871223619469,0.026105273136919616,0.07930887970214853
33,Ozur Toti,1,1,-0.0,0.0,0.00034063364874161275,0.08333333333333333,-0.0,0.0,0.009397274043997506
34,Soti,2,2,0.6931471805599453,2.009121411206879e-06,0.000631576264290206,0.16666666666666666,0.3210073813591232,9.578745035562484e-06,0.017423690399186963
35,Ogmund,4,3,1.0397207708399179,0.0027153275872460973,0.0010890277509279511,0.25,0.4815110720386848,0.012945673915562696,0.03004369138162015
36,Ulf the Unwashed,2,2,0.6931471805599453,0.0,0.0005081638871888355,0.16666666666666666,0.3210073813591232,0.0,0.014019035772942268
37,Atli Arnvidsson,3,2,1.0986122886681096,0.002728386876418942,0.0010906122023497573,0.16666666666666666,0.5087846619089057,0.013007935758293851,0.030087402636439275
38,Earl Arnvid of Gotland,1,1,-0.0,0.0,0.00040385875878983847,0.08333333333333333,-0.0,0.0,0.011141504796831217
39,Hakon Haraldsson,1,1,-0.0,0.0,0.0014564520827264785,0.08333333333333333,-0.0,0.0,0.040180056796777754
40,King Athelstan,1,1,-0.0,0.0,0.0014564520827264785,0.08333333333333333,-0.0,0.0,0.040180056796777754
41,Asolf,1,1,-0.0,0.0,0.00042707806920696574,0.08333333333333333,-0.0,0.0,0.011782070471738763
42,Gudrod Eiriksson,2,2,0.6931471805599453,9.041046350430957e-06,0.0006090446271619426,0.16666666666666666,0.3210073813591232,4.3104352660031175e-05,0.016802095998468162
43,Sigmund Ozurarson,2,2,0.6931471805599453,6.199842028877837e-05,0.00047670007605513326,0.16666666666666666,0.3210073813591232,0.00029558545204946883,0.013151023887492095
44,Jorund Hrafnsson the Godi,3,2,1.0986122886681096,0.029630939741943512,0.0009579306768676419,0.16666666666666666,0.5087846619089057,0.14126932069361478,0.02642703420208983
45,Thjostolf   ,1,1,-0.0,0.0,0.00030372053533986337,0.08333333333333333,-0.0,0.0,0.008378928840184352
46,Thorvald Osvifsson,4,3,1.0397207708399179,0.0002852192147195596,0.0013034427394771966,0.25,0.4815110720386848,0.0013598193328699204,0.03595889210821149
47,Osvif,4,3,1.0397207708399179,0.0027457644720015884,0.0014180254411217423,0.25,0.4815110720386848,0.013090785682887159,0.039119956941451664
48,Svan from Svanshol,2,2,0.6931471805599453,0.0,0.001033413106698509,0.16666666666666666,0.3210073813591232,0.0,0.028509415321065924
49,Ljot the Black,1,1,-0.0,0.0,0.00030372053533986337,0.08333333333333333,-0.0,0.0,0.008378928840184352
50,Thorarin Oleifsson,6,4,1.0114042647073516,0.003967904988074511,0.001626853120094441,0.3333333333333333,0.468397251860535,0.018917497964083315,0.044881017055530326
51,Ragi Oleifsson,2,2,0.6931471805599453,0.0,0.0005192643829023757,0.16666666666666666,0.3210073813591232,0.0,0.014325272108165523
52,Glum Oleifsson,8,4,1.6674619334292946,0.007037195834128145,0.002606458168073222,0.3333333333333333,0.77222789586153,0.03355073729463879,0.07190599572322161
53,Oleif Hjalti,3,2,0.6365141682948128,1.192547030652027e-05,0.0006550410686872553,0.16666666666666666,0.2947797410028236,5.685621528801003e-05,0.018071028670442524
54,Hrafn Haengsson,1,1,-0.0,0.0,0.0008072894336273721,0.08333333333333333,-0.0,0.0,0.02227119977326299
55,Thorgerd   ,2,1,0.6931471805599453,0.002728386876418942,0.0007903169099066308,0.08333333333333333,0.3210073813591232,0.013007935758293851,0.021802968119663087
56,Thorgerd Glumsdottir,6,5,1.2424533248940002,0.001248262420476025,0.0012263016872153453,0.4166666666666667,0.5753997123135761,0.0059512518240654715,0.03383075353228109
57,Sigurd Fafnisbani,1,1,-0.0,0.0,0.0005543473203131595,0.08333333333333333,-0.0,0.0,0.015293127099401664
58,Gunnar Hamundarson,87,12,2.039731959181529,0.19007879273842568,0.03624813399575082,1.0,0.9446320107115409,0.9062251201709114,1.0
59,Rannveig Sigfusdottir,9,6,1.6769877743224173,0.0011031350040917266,0.002006423067523469,0.5,0.7766394628794824,0.005259338178896535,0.055352451184347076
60,Sigfus Sighvatson,9,7,1.0027182645175161,0.0022536665086176234,0.0010696361860083078,0.5833333333333334,0.4643746283057923,0.010744645276696845,0.029508724121735365
61,Hamund Gunnarsson,4,2,1.0397207708399179,0.014384980493666174,0.0015259485261794445,0.16666666666666666,0.4815110720386848,0.06858224680787088,0.04209729875635319
62,Gunnar Baugsson,1,1,-0.0,0.0,0.0005445296309816116,0.08333333333333333,-0.0,0.0,0.015022280348153755
63,Hrafnhild Storolfsdottir,2,1,0.6931471805599453,0.008161051172322345,0.0011333512522000118,0.08333333333333333,0.3210073813591232,0.03890886233445481,0.03126647160190008
64,Storolf Haengsson,3,1,-0.0,0.00545275551001547,0.002058659175064142,0.08333333333333333,-0.0,0.025996714026516578,0.05679352143493698
65,Orm Storolfsson the Strong,1,1,-0.0,0.0,0.0008072894336273721,0.08333333333333333,-0.0,0.0,0.02227119977326299
66,Kolskegg Hamundarson,15,5,1.8065071652616695,0.008652286409760164,0.00457192270409064,0.4166666666666667,0.8366219336832315,0.041250889583606634,0.1261284982180485
67,Hjort Hamundarson,4,4,0.6931471805599453,0.00017718283040052657,0.0008146691919601061,0.3333333333333333,0.3210073813591232,0.0008447419591563916,0.022474789793472005
68,Orm Skogarnef,1,1,-0.0,0.0,0.0003115296658192229,0.08333333333333333,-0.0,0.0,0.00859436421901723
69,Arngunn Hamundardottir,3,2,0.6365141682948128,0.010865328591806802,0.0011566745450379264,0.16666666666666666,0.2947797410028236,0.05180185315232191,0.03190990590504652
70,Hroar Unason the Godi of Tunga,3,2,0.6365141682948128,0.005448737267193056,0.0015172094422071579,0.16666666666666666,0.2947797410028236,0.025977556536445453,0.041856208167433184
71,Uni Gardarsson the Unborn,2,1,0.6931471805599453,0.002728386876418942,0.0013065974635086872,0.08333333333333333,0.3210073813591232,0.013007935758293851,0.03604592345806967
72,Gardar,1,1,-0.0,0.0,0.0007741813451911931,0.08333333333333333,-0.0,0.0,0.021357826178913
73,Hamund Hroarsson the Lame,2,2,-0.0,0.0,0.0009763320914753606,0.16666666666666666,-0.0,0.0,0.026934685564498604
74,Njal Thorgeirsson,64,12,2.091807695442632,0.11246023059399946,0.02599790504403866,1.0,0.9687491047405764,0.5361686304728561,0.7172205070497218
75,Thorgeir Thorolfsson Gollnir,2,1,0.6931471805599453,0.002728386876418942,0.0007580142262535852,0.08333333333333333,0.3210073813591232,0.013007935758293851,0.02091181373205151
76,Thorolf,1,1,-0.0,0.0,0.0005406097817830375,0.08333333333333333,-0.0,0.0,0.014914141010580306
77,Asgerd Askelsdottir,3,2,1.0986122886681096,0.0029195546916033635,0.00084322985573816,0.16666666666666666,0.5087846619089057,0.013919352933205714,0.023262710732558194
78,Askel the Silent,1,1,-0.0,0.0,0.00045736599092011706,0.08333333333333333,-0.0,0.0,0.012617642358465452
79,Thorir Thorgeirsson from Holt,4,3,1.0397207708399179,8.798803711708295e-05,0.0007340615697217496,0.25,0.4815110720386848,0.0004194942968717191,0.02025101677807194
80,Thorleif Thorisson Crow,16,12,0.6885673693022826,0.0010287238358012787,0.0023614759430289475,1.0,0.3188863986008096,0.004904573352402365,0.06514751747788648
81,Thorgrim Thorisson the Tall,13,9,1.2636256721237273,0.0016802609588835956,0.0022123911925760005,0.75,0.5852049599320551,0.008010860482885183,0.06103462299149931
82,Thorgeir Skorargeir Thorisson,29,12,1.60652280360619,0.016918953999381817,0.007072969603549085,1.0,0.7440060246118831,0.08066329178739763,0.1951264471814801
83,Bergthora Skarphedinsdottir,21,9,1.9135484277609518,0.012241110795721051,0.006596955863189039,0.75,0.8861944290146143,0.058361071964211746,0.1819943576671386
84,Skarphedin,1,1,-0.0,0.0,0.000300911043634139,0.08333333333333333,-0.0,0.0,0.008301421630956598
85,Valgard Jorundarson the Grey,9,5,1.5229550675313184,0.034471293535521155,0.0020340318679880603,0.4166666666666667,0.7053044892441216,0.16434633068015747,0.05611411247338965
86,Hrafn the Foolish,2,1,0.6931471805599453,0.02692222691017218,0.0009122361067275965,0.08333333333333333,0.3210073813591232,0.12835518347653727,0.025166429445293192
87,Valgard,2,1,-0.0,0.024266168404556684,0.0011577950963278425,0.08333333333333333,-0.0,0.11569208253952366,0.03194081925606336
88,Aevar,2,1,-0.0,0.021602073413296365,0.001289461891164482,0.08333333333333333,-0.0,0.10299066662236782,0.03557319367986333
89,Vemund the Eloquent,2,1,-0.0,0.018929941936391217,0.0013733730308045887,0.08333333333333333,-0.0,0.09025093572506972,0.03788810290111988
90,Thorolf Pus-Nose,2,1,-0.0,0.01624977397384124,0.0014118617284817718,0.08333333333333333,-0.0,0.07747288984762936,0.03894991473622551
91,Thrand the Old,2,1,-0.0,0.013561569525646433,0.001453271900565992,0.08333333333333333,-0.0,0.06465652899004676,0.0400923231175528
92,Harald War-tooth,3,1,-0.0,0.010877383320274044,0.0022049858423375127,0.08333333333333333,-0.0,0.051859325622535285,0.060830326951340226
93,Hraerek the Ring-scatterer,1,1,-0.0,0.0,0.0008489789561241557,0.08333333333333333,-0.0,0.0,0.02342131476957344
94,Aud,2,1,-0.0,0.005448737267193056,0.0015613848062912344,0.08333333333333333,-0.0,0.025977556536445453,0.04307490163422668
95,Ivar Vidfadmi,2,1,-0.0,0.002728386876418942,0.0016609228937015045,0.08333333333333333,-0.0,0.013007935758293851,0.04582092126166291
96,Halfdan the Valiant,1,1,-0.0,0.0,0.0009308736625760505,0.08333333333333333,-0.0,0.0,0.0256805953841699
97,Ulf Jorundarson Aur-Godi,5,4,1.3321790402101223,0.00622265758347218,0.0010563345625050704,0.3333333333333333,0.6169531049003207,0.029667321299355676,0.029141763894077945
98,Svart,2,2,0.6931471805599453,0.003468027854880651,0.0008094103047148829,0.16666666666666666,0.3210073813591232,0.016534269364127465,0.022329709573733255
99,Lodmund,2,2,-0.0,0.0008056436139166156,0.0010399846486326156,0.16666666666666666,-0.0,0.003841009669296573,0.028690708568737018
100,Sigfus,3,2,0.6365141682948128,0.002779655954858333,0.0016794739247827629,0.16666666666666666,0.2947797410028236,0.013252367691496026,0.04633270018753625
101,Saemund the Learned,1,1,-0.0,0.0,0.0006954238435776833,0.08333333333333333,-0.0,0.0,0.019185093601210044
102,Kolbein the Young,1,1,-0.0,0.0,0.00033374687646146195,0.08333333333333333,-0.0,0.0,0.009207284339121715
103,Mord Valgardsson ,37,12,1.8102015535825664,0.056308875628602637,0.013075915852264799,1.0,0.8383328631277641,0.2684598152590411,0.36073348917209425
104,Skarphedin Njalsson,50,12,1.963102107360466,0.07284553831125115,0.015722582282049483,1.0,0.9091435188631783,0.3473004839675786,0.4337487354215961
105,Grim Njalsson,48,12,1.9463099042527157,0.03975321045615723,0.013167102916779187,1.0,0.9013667850062869,0.1895285497335119,0.36324912389483827
106,Helgi Njalsson,51,12,2.0114344451963264,0.04430639338131215,0.01595311577181125,1.0,0.9315269860960979,0.21123643562684713,0.44010860734738383
107,Hoskuld Njalsson,18,9,1.659104829419214,0.001052783987992148,0.0032160631123564396,0.75,0.7683575893101064,0.005019283226115136,0.08872354954143136
108,Hrodny Hoskuldsdottir,10,6,1.4708084763221114,0.00996991517650225,0.0026125558302544268,0.5,0.6811545811721453,0.04753285439556068,0.07207421575302837
109,Hoskuld ,2,2,0.6931471805599453,0.0,0.00042784535212095093,0.16666666666666666,0.3210073813591232,0.0,0.011803237986570703
110,Ingjald Hoskuldsson ,9,5,0.9649629230074277,0.01365888883050711,0.0025214217936655914,0.4166666666666667,0.4468895347349259,0.06512051130744122,0.06956004394491493
111,Thorhild Hrafnsdottir,4,3,1.0397207708399179,0.002753783783729304,0.0009538607520870143,0.25,0.4815110720386848,0.013129018784168152,0.02631475463533738
112,Hrafn ,1,1,-0.0,0.0,0.00038060510566446416,0.08333333333333333,-0.0,0.0,0.010499991688098499
113,Astrid of Djuparbakki,2,2,-0.0,0.0,0.0003770126226681936,0.16666666666666666,-0.0,0.0,0.010400883607205515
114,Asgrim Ellida-Grimsson,45,12,1.6994474666971469,0.07619721877667504,0.013277722866370224,1.0,0.7870409003195353,0.36328005217081893,0.36630086580254595
115,Ellida-Grim,2,2,0.6931471805599453,6.57580862249186e-05,0.0005013260109021274,0.16666666666666666,0.3210073813591232,0.0003135101435192311,0.013830394992495207
116,Asgrim,5,2,1.0549201679861442,0.003116870183322386,0.0013274318880984754,0.16666666666666666,0.48855015235667143,0.014860079947611383,0.03662069579234295
117,Ondott Crow,1,1,-0.0,0.0,0.00040650342254744723,0.08333333333333333,-0.0,0.0,0.011214464794107733
118,Jorunn Teitsdottir,3,2,0.6365141682948128,0.0009615968964410893,0.0008777932805794472,0.16666666666666666,0.2947797410028236,0.004584537025298234,0.02421623360480698
119,Teit Ketilbjarnarson,4,2,0.5623351446188083,0.01947931959634856,0.0012891479269803814,0.16666666666666666,0.26042626628656707,0.09287016446038256,0.035564532153062045
120,Ketilbjorn the Old,3,2,-0.0,0.0012500631297360965,0.0010988096397385148,0.16666666666666666,-0.0,0.005959836937333982,0.030313550481448858
121,Helga,2,2,-0.0,0.013364869072072152,0.0009753719304237771,0.16666666666666666,-0.0,0.06371873424919247,0.02690819699955079
122,Thord Beard,2,2,-0.0,0.01083719342463278,0.0011365336384911195,0.16666666666666666,-0.0,0.05166771511995133,0.03135426608785847
123,Hrapp,2,2,-0.0,0.008513366571844443,0.0011830420157238426,0.16666666666666666,-0.0,0.040588571368115105,0.03263732185117514
124,Olof,3,2,1.0986122886681096,0.0055022842358463725,0.0010256039550217986,0.16666666666666666,0.5087846619089057,0.026232848604558583,0.028293979357448436
125,Bodvar,2,1,0.6931471805599453,0.002728386876418942,0.0010877845407422748,0.08333333333333333,0.3210073813591232,0.013007935758293851,0.03000939416273925
126,Viking-Kari,1,1,-0.0,0.0,0.0006810080799732604,0.08333333333333333,-0.0,0.0,0.01878739689201909
127,Sigfus,2,2,0.6931471805599453,0.007381227765636485,0.0007426018491648725,0.16666666666666666,0.3210073813591232,0.03519095382790989,0.02048662282179612
128,Thorgerd,2,2,-0.0,0.004683647417522726,0.0010115090833369659,0.16666666666666666,-0.0,0.022329892160161378,0.02790513529484138
129,Gauk Trandilsson,2,2,0.6931471805599453,6.57580862249186e-05,0.0006893616210406027,0.16666666666666666,0.3210073813591232,0.0003135101435192311,0.019017851267086276
130,Thorhall Asgrimsson (1),17,12,0.362210557135449,0.0015110697892188624,0.0030781889819537947,1.0,0.16774541642476465,0.007204219795345272,0.08491992945939328
131,Thorhall Asgrimsson (2),1,1,-0.0,0.0,0.0003132904007636519,0.08333333333333333,-0.0,0.0,0.008642938717904136
132,Grim Asgrimsson  ,1,1,-0.0,0.0,0.0003132904007636519,0.08333333333333333,-0.0,0.0,0.008642938717904136
133,Thorhalla Asgrimsdottir,3,3,-0.0,0.0,0.0005528349034386714,0.25,-0.0,0.0,0.01525140310680482
134,Hallvard the White,2,2,0.6931471805599453,0.0,0.0010934952087008443,0.16666666666666666,0.3210073813591232,0.0,0.030166937940282086
135,Hakon Sigurdarson,17,6,1.905420043110137,0.0331420238723115,0.005958952729354466,0.5,0.882430046002438,0.1580088663953362,0.16439336518820535
136,Sigurd,2,1,0.6931471805599453,0.005448737267193056,0.0008215620476851985,0.08333333333333333,0.3210073813591232,0.025977556536445453,0.0226649473261577
137,Hakon  ,2,1,-0.0,0.002728386876418942,0.001179014991465465,0.08333333333333333,-0.0,0.013007935758293851,0.03252622580802849
138,Grjotgard,1,1,-0.0,0.0,0.0007202640766748248,0.08333333333333333,-0.0,0.0,0.019870376686404262
139,Bergljot,3,2,1.0986122886681096,0.007421984434916019,0.0012034584029193157,0.16666666666666666,0.5087846619089057,0.035385266496795784,0.03320056152574339
140,Earl Thorir,1,1,-0.0,0.0,0.0005595931108962178,0.08333333333333333,-0.0,0.0,0.015437846013309707
141,Olof Arbot,2,2,-0.0,0.002057735651644878,0.000960448488651675,0.16666666666666666,-0.0,0.00981051968673869,0.02649649465443555
142,Olvir,2,2,0.6931471805599453,0.0,0.000993561595933127,0.16666666666666666,0.3210073813591232,0.0,0.027410006706816887
143,Vandil Snaeulfsson,3,2,0.6365141682948128,0.0012466465530583278,0.0008222918603203585,0.16666666666666666,0.2947797410028236,0.005943547968081926,0.02268508112491395
144,Karl Snaeulfsson,4,2,1.0397207708399179,0.0014837494447718198,0.00082771395160244,0.16666666666666666,0.4815110720386848,0.007073966535247482,0.022834663756745897
145,Snaeulf the Old,2,2,-0.0,0.0,0.0005690618345084508,0.16666666666666666,-0.0,0.0,0.01569906562845853
146,Tofi from Denmark,1,1,-0.0,0.0,0.0007768389328704785,0.08333333333333333,-0.0,0.0,0.021431142716520066
147,"Hallgrim, a Viking",2,2,0.6931471805599453,0.0,0.0005665470675246293,0.16666666666666666,0.3210073813591232,0.0,0.015629689174925326
148,"Kolskegg, a Viking  ",3,2,1.0986122886681096,6.027364233620637e-06,0.0005716714927764498,0.16666666666666666,0.5087846619089057,2.873623510668745e-05,0.015771059907344856
149,Harald Gormsson,1,1,-0.0,0.0,0.0004976533726397252,0.08333333333333333,-0.0,0.0,0.013729075618018366
150,"Bergljot, kinswoman of Earl Hakon",1,1,-0.0,0.0,0.0003197657834193455,0.08333333333333333,-0.0,0.0,0.008821579159270104
151,Thrain Sigfusson,32,10,2.0821642458790572,0.027505936343908948,0.008424558711668213,0.8333333333333334,0.9642830712941571,0.1311380933641276,0.23241358334902923
152,Thorhild the Poetess,1,1,-0.0,0.0,0.000555368432549658,0.08333333333333333,-0.0,0.0,0.015321297162903915
153,Ketil Sigfusson ,28,12,1.5003155329810627,0.012833816219386594,0.006680674136452727,1.0,0.6948197640587778,0.0611868713921701,0.1843039461627423
154,Thorgerd Njalsdottir,3,3,0.6365141682948128,2.7734610785138435e-06,0.0005431757255568028,0.25,0.2947797410028236,1.3222832820830816e-05,0.014984929310305367
155,Thorkel Sigfusson,22,12,0.9925910687668289,0.008139809815736232,0.004002103831796897,1.0,0.45968456437764765,0.0388075914317543,0.11040854771354694
156,Mord Sigfusson ,17,12,0.8717814824679821,0.003993790844595669,0.002969284174493761,1.0,0.4037357413447912,0.01904091211828039,0.08191550425304196
157,Lambi Sigfusson,23,12,1.0680061801842538,0.008539217684545021,0.003893908024982111,1.0,0.49461049080420755,0.04071181987667372,0.10742368215253713
158,Sigmund Sigfusson  ,22,12,0.9925910687668289,0.008139809815736232,0.003709059415274235,1.0,0.45968456437764765,0.0388075914317543,0.10232414765706364
159,Sigurd Sigfusson,22,12,1.0965754342577216,0.007621474350575881,0.003072280012994909,1.0,0.5078413625363826,0.036336360357332474,0.08475691502782065
160,Runolf Ulfsson,10,6,1.6094379124341005,0.004734187245320418,0.0026350678624385247,0.5,0.74535605744397,0.022570847297026162,0.07269526929986024
161,Helga Njalsdottir,7,4,1.277034259466139,0.00032720637415374073,0.0012356017178823877,0.3333333333333333,0.5914146880117906,0.0015599985220140652,0.034087319309381026
162,Haf the Wise,3,3,0.6365141682948128,0.0,0.0005962630107971016,0.25,0.2947797410028236,0.0,0.016449481533780428
163,"Kol, overseer at Hlidarendi",3,3,1.0986122886681096,4.018242822413757e-06,0.000997308423203387,0.25,0.5087846619089057,1.915749007112496e-05,0.02751337277996976
164,"Svart, servant at Bergthorshvol",3,3,0.6365141682948128,3.785303130941769e-05,0.0004921049385930869,0.25,0.2947797410028236,0.00018046920097191708,0.013576007489124096
165,"Atli, servant at Bergthorshvol",7,4,1.5498260458782016,0.005833212285094988,0.002341092043843199,0.3333333333333333,0.7177488627272866,0.02781059069181473,0.06458517407041238
166,Brynjolf the Brawler,4,4,1.3862943611198906,0.00044016506906345316,0.0016722947019652584,0.3333333333333333,0.6420147627182464,0.0020985436452976135,0.04613464246632097
167,Thord Freed-man's son ,9,5,1.8891591637540215,0.0033994337933011235,0.0023369745881226013,0.4166666666666667,0.8748993765470902,0.016207238342926374,0.06447158323781724
168,Sigtrygg,1,1,-0.0,0.0,0.0003087384437450664,0.08333333333333333,-0.0,0.0,0.008517361025570536
169,Gudfinna Thorolfsdottir,2,2,0.6931471805599453,7.411666320842032e-05,0.0004717395023870832,0.16666666666666666,0.3210073813591232,0.00035336073559320087,0.013014173431448438
170,Sigmund Lambason,11,8,1.540305825226517,0.0033186387180980446,0.003061503976033627,0.6666666666666666,0.7133398985317032,0.01582203741819256,0.08445962973963049
171,Lambi Sighvatsson,2,2,0.6931471805599453,0.000102487902810015,0.0004816081971139246,0.16666666666666666,0.3210073813591232,0.0004886242736604608,0.01328642730051652
172,Skjold,5,5,1.3321790402101223,6.926682745854896e-05,0.0013118401882201258,0.4166666666666667,0.6169531049003207,0.0003302385191590691,0.03619055779185505
173,Gizur Teitsson the White,48,12,1.7972072614632417,0.10818027859154276,0.011836951761193936,1.0,0.8323150016939627,0.5157634081864881,0.32655340996536597
174,Isleif Gizurarson the bishop,1,1,-0.0,0.0,0.00031428928580364284,0.08333333333333333,-0.0,0.0,0.008670495585799957
175,Geir the Godi,9,5,1.2730283365896256,0.004863646912013146,0.00233471941876432,0.4166666666666667,0.5895594820056472,0.023188062928058455,0.06440936846674665
176,Thorkatla Ketilbjarnardottir,2,2,0.6931471805599453,0.00029096543469184867,0.0006400453706563774,0.16666666666666666,0.3210073813591232,0.0013872151765087328,0.017657332946612002
177,Otkel Skarfsson,14,6,1.8711604142318063,0.02346748802380125,0.0058330940201003255,0.5,0.8665638720338963,0.11188427098095453,0.16092122206302012
178,Skarf,3,2,1.0986122886681096,0.0042842571174524,0.0008477358979381803,0.16666666666666666,0.5087846619089057,0.020425747476464848,0.023387021744003596
179,Hallkel Ketilsson,3,2,0.6365141682948128,0.0027804844995609375,0.0011798052947684966,0.16666666666666666,0.2947797410028236,0.013256317885054538,0.03254802840076676
180,Grim the Grimsnes,1,1,-0.0,0.0,0.0005528076273818125,0.08333333333333333,-0.0,0.0,0.015250650625122257
181,Thorgerd Masdottir,2,1,0.6931471805599453,0.008161051172322343,0.000808490504685818,0.08333333333333333,0.3210073813591232,0.038908862334454807,0.02230433447361989
182,Mar son of Brondolf,2,1,-0.0,0.005448737267193056,0.0011609456702270707,0.08333333333333333,-0.0,0.025977556536445453,0.032027736113620704
183,Brondolf son of Naddod the Faroese,2,1,-0.0,0.002728386876418942,0.0014047749744476087,0.08333333333333333,-0.0,0.013007935758293851,0.038754408009313894
184,Naddod the Faroese,1,1,-0.0,0.0,0.0008167984292610457,0.08333333333333333,-0.0,0.0,0.02253353039791772
185,Thorgeir Otkelsson,7,5,1.277034259466139,0.0007975276431177757,0.0019642655603629676,0.4166666666666667,0.5914146880117906,0.0038023157334475402,0.054189425601693826
186,Skammkel,7,6,1.277034259466139,0.0002528311420229436,0.0024950060319343086,0.5,0.5914146880117906,0.0012054050257884047,0.06883129576343945
187,Hallkel Skarfsson,4,3,1.3862943611198906,6.630100656982701e-05,0.0007060899200555768,0.25,0.6420147627182464,0.00031609858617356195,0.0194793453406001
188,Hallbjorn Skarfsson the White,4,3,1.3862943611198906,0.0010757603689013804,0.0016560290066313852,0.25,0.6420147627182464,0.005128826080689215,0.04568591053060864
189,Melkolf,2,2,0.6931471805599453,0.0002264358337459629,0.0006805564444666795,0.16666666666666666,0.3210073813591232,0.0010795619947451026,0.018774937340125086
190,Lambi Sigurdarson,13,10,0.9251290835720822,0.0031344261356217847,0.002612882586662235,0.8333333333333334,0.4284418560236162,0.014943780210818186,0.07208323018692575
191,Audolf,1,1,-0.0,0.0,0.000404591519229474,0.08333333333333333,-0.0,0.0,0.011161719918517797
192,Signy Otkelsdottir,1,1,-0.0,0.0,0.0003156622078076133,0.08333333333333333,-0.0,0.0,0.008708371245941014
193,Skafti Thoroddsson,15,9,1.3792922544726758,0.011053988605952086,0.003432904132050618,0.75,0.6387719767964976,0.05270131406285879,0.09470567871033139
194,"Thorodd, father of Skafti",3,2,1.0986122886681096,0.010865328591806802,0.0008482286420735021,0.16666666666666666,0.5087846619089057,0.05180185315232191,0.02340061538541365
195,Thorvor,2,1,0.6931471805599453,0.008161051172322343,0.000999238316243755,0.08333333333333333,0.3210073813591232,0.038908862334454807,0.027566613949310897
196,Thormod Skafti,2,1,-0.0,0.005448737267193056,0.0012753892457551892,0.08333333333333333,-0.0,0.025977556536445453,0.03518496278745539
197,Oleif the Broad,2,1,-0.0,0.002728386876418942,0.0014796633721215926,0.08333333333333333,-0.0,0.013007935758293851,0.040820401190721875
198,Olvir Child-sparer,1,1,-0.0,0.0,0.0008495305331215696,0.08333333333333333,-0.0,0.0,0.023436531470038036
199,Odd from Kidjaberg,1,1,-0.0,0.0,0.00031428928580364284,0.08333333333333333,-0.0,0.0,0.008670495585799957
200,Halldor Ornolfsson,1,1,-0.0,0.0,0.00031428928580364284,0.08333333333333333,-0.0,0.0,0.008670495585799957
201,Starkad Barkarson,15,5,1.159569796739054,0.013183630389416293,0.0032250966306764535,0.4166666666666667,0.5370150444147164,0.06285465549215068,0.08897276287531146
202,Bork Black-tooth-beard,2,1,0.6931471805599453,0.002728386876418942,0.0007977508509863009,0.08333333333333333,0.3210073813591232,0.013007935758293851,0.02200805291328423
203,Thorkel Bound-leg ,1,1,-0.0,0.0,0.0005575113807611005,0.08333333333333333,-0.0,0.0,0.015380416018834369
204,Hallbera Hroaldsdottir,7,3,1.277034259466139,0.008228269501999003,0.0014595605339743649,0.25,0.5914146880117906,0.03922933437666073,0.040265811590341774
205,Hroald the Red,1,1,-0.0,0.0,0.00039583686034464155,0.08333333333333333,-0.0,0.0,0.010920199654719978
206,Hildigunn,3,2,0.6365141682948128,0.003034792139941919,0.0010902855410096013,0.16666666666666666,0.2947797410028236,0.014468762306888488,0.030078390825232823
207,Thorstein Sparrow,2,2,-0.0,0.00011662975805165004,0.001070984329222346,0.16666666666666666,-0.0,0.0005560473895228732,0.02954591619386234
208,Unn,4,2,0.6931471805599453,0.005569385268067106,0.001832300576277213,0.16666666666666666,0.3210073813591232,0.026552761416039385,0.050548824844114854
209,Eyvind Karfi,1,1,-0.0,0.0,0.0006087787428082261,0.08333333333333333,-0.0,0.0,0.016794760880093584
210,Modolf the Wise,1,1,-0.0,0.0,0.0006087787428082261,0.08333333333333333,-0.0,0.0,0.016794760880093584
211,Thorgeir Starkadarson,13,5,1.0905994737794789,0.008357349780090324,0.004419848886307144,0.4166666666666667,0.5050738010746499,0.03984474122368325,0.1219331424570782
212,Bork Starkadarson  ,3,3,1.0986122886681096,0.0008525778733635804,0.0007804412742681828,0.25,0.5087846619089057,0.004064774794772668,0.021530522767314587
213,Thorkel Starkadarson,3,3,1.0986122886681096,0.0008525778733635804,0.0005943175674476806,0.25,0.5087846619089057,0.004064774794772668,0.016395811368313452
214,Hildigunn Starkadardottir the Healer,7,5,0.410116318288409,0.00010698631596405125,0.0018111590493812642,0.4166666666666667,0.18993132927418924,0.0005100710376174733,0.049965580285969396
215,Egil Kolsson,11,5,1.0335620542068176,0.006037402200943399,0.0021114527231464886,0.4166666666666667,0.4786588733219168,0.02878409240845314,0.0582499701472634
216,Kol,2,1,0.6931471805599453,0.002728386876418942,0.0008200022376921993,0.08333333333333333,0.3210073813591232,0.013007935758293851,0.022621915869885163
217,Ottar Boll,1,1,-0.0,0.0,0.0005669684796541214,0.08333333333333333,-0.0,0.0,0.015641314935565625
218,Onund Kolsson of Trollaskog,5,4,1.0549201679861442,0.003080672387401842,0.0010996203029031747,0.3333333333333333,0.48855015235667143,0.014687502294494873,0.03033591475445543
219,Halli the Strong,1,1,-0.0,0.0,0.0003519809447876629,0.08333333333333333,-0.0,0.0,0.009710319014736698
221,Kol Egilsson,8,5,0.7356219397587946,0.0012885751679138178,0.0020904794333076486,0.4166666666666667,0.34067811162634787,0.006143448038408578,0.05767136685029648
222,Ottar Egilsson ,7,5,0.7963116401738131,0.001080571662689343,0.001705091759127174,0.4166666666666667,0.368784468186807,0.005151764543357032,0.047039435445892286
223,Hauk Egilsson,8,5,0.7356219397587946,0.0012885751679138178,0.0017116618893969092,0.4166666666666667,0.34067811162634787,0.006143448038408578,0.04722068974909325
224,Steinvor Barkardottir,8,5,0.37677016125643675,8.431154298089896e-05,0.0012324477869329784,0.4166666666666667,0.1744881985114323,0.000401966137667994,0.03400030983877548
225,Gudrun Egilsdottir Night-sun,4,4,-0.0,0.0,0.0008011044809442731,0.3333333333333333,-0.0,0.0,0.022100571605649617
226,"Thorir, a Norwegian  ",7,5,0.9556998911125343,0.0006307479164741738,0.001137078400036359,0.4166666666666667,0.4425996787051809,0.003007171911024072,0.03136929476617066
227,"Thorgrim, a Norwegian  ",6,5,1.0114042647073518,0.0028627342608850423,0.0014614055089815171,0.4166666666666667,0.4683972518605351,0.013648454213185253,0.04031671007265726
228,Hoskuld Thrainsson the Godi of Hvitanes  ,20,12,1.2592004731479975,0.0032359063550628374,0.005764859702694815,1.0,0.5831555805577575,0.015427600224261208,0.15903879916606467
229,Hogni Gunnarsson,10,5,1.6434177197931796,0.01032980536300799,0.002407168496469128,0.4166666666666667,0.7610926416577496,0.049248677201544674,0.06640806659871948
230,Grani Gunnarsson,13,10,0.9251290835720822,0.006858770589007381,0.00312211104831431,0.8333333333333334,0.4284418560236162,0.03270007196332221,0.08613163504307005
231,Ulf Uggason,3,2,0.6365141682948128,0.001227702818778092,0.0009810478083926832,0.16666666666666666,0.2947797410028236,0.005853231275581585,0.027064781003835574
232,Sigurd Swine-head,8,5,0.37677016125643675,0.0001414531776051311,0.0017538070643087923,0.4166666666666667,0.1744881985114323,0.0006743962386702022,0.04838337511427159
233,Ulfhedin,2,2,0.6931471805599453,0.0,0.00041116164949920914,0.16666666666666666,0.3210073813591232,0.0,0.011342974221718765
234,Thorfinna,1,1,-0.0,0.0,0.0002985196154167185,0.08333333333333333,-0.0,0.0,0.008235447801305093
236,Thorkatla Gizurardottir  ,2,2,-0.0,0.0,0.0004935290998174862,0.16666666666666666,-0.0,0.0,0.013615296717765945
237,Hjalti Skeggjason,21,12,0.9320738874454946,0.013969143022435761,0.004900977513217064,1.0,0.4316581041278873,0.06659968811782314,0.13520633955368794
239,Ormhild,2,2,0.6931471805599453,0.0,0.00040427281906280836,0.16666666666666666,0.3210073813591232,0.0,0.011152927737196049
240,Onund the Fair,2,2,0.6931471805599453,0.0,0.00040427281906280836,0.16666666666666666,0.3210073813591232,0.0,0.011152927737196049
241,Ogmund Floki,2,2,0.6931471805599453,0.0,0.00041116164949920914,0.16666666666666666,0.3210073813591232,0.0,0.011342974221718765
244,Bard the Black,5,4,1.3321790402101223,8.637308619226525e-05,0.0011250571639222014,0.3333333333333333,0.6169531049003207,0.00041179481038599084,0.031037657388214412
245,Olaf Ketilsson,5,3,1.3321790402101223,0.00028122520924457465,0.0009277168718906032,0.25,0.6169531049003207,0.0013407773974736218,0.025593507020233226
246,Ketil of Elda,2,2,0.6931471805599453,3.059833414348796e-05,0.00048424423251546337,0.16666666666666666,0.3210073813591232,0.000145881498071018,0.013359149261924181
247,Thorbrand Thorleiksson,3,3,0.6365141682948128,0.000146880062917241,0.0007227983373658013,0.25,0.2947797410028236,0.0007002696131969878,0.019940290925059237
248,Asbrand Thorleiksson,3,3,0.6365141682948128,0.000146880062917241,0.0007227983373658013,0.25,0.2947797410028236,0.0007002696131969878,0.019940290925059237
249,Eilif Onundarson,3,3,0.6365141682948128,0.0,0.0006552617983987522,0.25,0.2947797410028236,0.0,0.018077118079390383
250,Onund Eilifsson,3,3,0.6365141682948128,0.0,0.0005465810698276812,0.25,0.2947797410028236,0.0,0.015078874677845598
251,"Thorkel, a farmer",1,1,-0.0,0.0,0.0003080877194158935,0.08333333333333333,-0.0,0.0,0.008499409085499659
253,Hroald Geirsson  ,3,2,0.6365141682948128,0.0010801827660586614,0.0008027816380928274,0.16666666666666666,0.2947797410028236,0.005149910428593379,0.02214684039147873
254,Bjartey,2,2,-0.0,6.869774635430712e-05,0.0005806074657546363,0.16666666666666666,-0.0,0.00032752535171598533,0.016017582196719365
255,Thorvald the Sickly,3,2,0.6365141682948128,0.0018343466700434163,0.0011269206995741827,0.16666666666666666,0.2947797410028236,0.008745483951925138,0.031089067914676263
256,Tjorvi of Oddi,1,1,-0.0,0.0,0.0002984729467388262,0.08333333333333333,-0.0,0.0,0.008234160323226974
257,Alfeid Veturlidadottir,3,2,0.6365141682948128,0.00023393963763623698,0.00078362342901788,0.16666666666666666,0.2947797410028236,0.0011153373460309269,0.021618310865594906
258,Veturlidi the Poet,3,2,0.6365141682948128,0.00047817722298509945,0.0010164206777837975,0.16666666666666666,0.2947797410028236,0.002279771483813,0.028040634530399476
259,Ari ,2,2,0.6931471805599453,0.0,0.000554148832116613,0.16666666666666666,0.3210073813591232,0.0,0.015287651281072097
260,Einar the Shetlander,1,1,-0.0,0.0,0.0003321272612850352,0.08333333333333333,-0.0,0.0,0.009162602999756313
261,Svein Haraldsson Fork-beard,1,1,-0.0,0.0,0.00031809979608895796,0.08333333333333333,-0.0,0.0,0.008775618522218196
262,Kol Asmundarson,4,2,1.0397207708399179,0.00545275551001547,0.0012089175966485378,0.16666666666666666,0.4815110720386848,0.025996714026516578,0.033351167726047716
263,Asmund Ash-side,1,1,-0.0,0.0,0.0004239653077144738,0.08333333333333333,-0.0,0.0,0.011696196768754306
264,Hallvard Soti,1,1,-0.0,0.0,0.0004239653077144738,0.08333333333333333,-0.0,0.0,0.011696196768754306
265,Eirik Hakonarson,6,6,0.8675632284814612,0.0009734566572975482,0.0013826665117045902,0.5,0.4017822014558647,0.004641079962321897,0.03814448798568978
266,Gunnar Lambason,14,10,1.252762968495368,0.006511393930586123,0.0030143373111770756,0.8333333333333334,0.5801742707162337,0.031043909013804823,0.08315841338289112
267,Grjotgard Moldansson,6,4,1.2424533248940002,0.001643706279763926,0.001012869808645078,0.3333333333333333,0.5753997123135761,0.007836581343162221,0.027942674477086503
268,Snaekolf Moldansson,4,3,1.0397207708399179,0.0011543823003221016,0.0008379933370478499,0.25,0.4815110720386848,0.0055036662626124075,0.02311824760816884
269,Moldan of Duncansby,3,2,1.0986122886681096,1.3728996309913676e-05,0.000710615936057772,0.16666666666666666,0.5087846619089057,6.54547577430103e-05,0.019604207381849613
270,"Melkolf, king in Scotland",2,2,0.6931471805599453,0.00016611274221846312,0.0005335571187035351,0.16666666666666666,0.3210073813591232,0.0007919638882913349,0.014719574772209826
271,Kari Solmundarson,79,12,2.1592873585186974,0.14334404263012485,0.025870456669035376,1.0,1.0,0.6834111811570265,0.7137045088187998
272,Solmund,1,1,-0.0,0.0,0.00030931921186899187,0.08333333333333333,-0.0,0.0,0.008533383039944947
273,Sigurd Hlodvisson,26,5,1.4311385219282595,0.056431817525306356,0.007226290931317303,0.4166666666666667,0.6627828002059167,0.26904595658238006,0.1993562187825835
274,Hlodver Thorfinnsson,2,2,0.6931471805599453,0.00666762600153524,0.0007858798847847092,0.16666666666666666,0.3210073813591232,0.0317887655295196,0.02168056112562467
275,Thorfinn Einarsson Skull-splitter,2,2,-0.0,0.003977412431929239,0.0010632978693552175,0.16666666666666666,-0.0,0.018962825926901482,0.02933386500612314
276,Turf-Einar Rognvaldsson,2,2,-0.0,0.0013206890027990816,0.0012081230022181614,0.16666666666666666,-0.0,0.006296554881411814,0.033329246751288864
277,"Rognvald, Earl of More",3,2,0.6365141682948128,0.002803924216164822,0.0018823165034312517,0.16666666666666666,0.2947797410028236,0.013368069752215009,0.05192864558633297
278,Eystein the Noisy,1,1,-0.0,0.0,0.0007544717473139866,0.08333333333333333,-0.0,0.0,0.020814085144422314
279,"Gilli, earl in the Hebrides",7,5,1.1537419427010902,0.0014414107661120184,0.0014375899147400636,0.4166666666666667,0.5343160733792162,0.006872111432931275,0.03965969434202006
280,Arnljot of Stroma,1,1,-0.0,0.0,0.0003322286298805344,0.08333333333333333,-0.0,0.0,0.009165399518758121
281,"Hundi, earl in Scotland",1,1,-0.0,0.0,0.00048190062413000457,0.08333333333333333,-0.0,0.0,0.013294494667959882
282,"Melsnati, earl in Scotland",2,2,0.6931471805599453,0.0010496597725024872,0.0006636034230500448,0.16666666666666666,0.3210073813591232,0.005004388126473727,0.018307243708816447
283,Havard of Freswick,3,2,1.0986122886681096,0.0027790837066950617,0.0009298587110320513,0.16666666666666666,0.5087846619089057,0.01324963942469121,0.02565259527955436
284,"Gudrod, King of the Isle of Man",4,4,0.5623351446188083,0.0,0.0008382929812226728,0.3333333333333333,0.26042626628656707,0.0,0.023126514079895577
285,Kolbein Arnljotsson,1,1,-0.0,0.0,0.0004959491463568663,0.08333333333333333,-0.0,0.0,0.013682060059008938
286,Hrapp Orgumleidason,18,9,1.644072795833167,0.03147037396299268,0.006529359378669954,0.75,0.7613960176940159,0.15003906020006624,0.18012953106594004
287,Orgumleidi,2,1,0.6931471805599453,0.002728386876418942,0.0007775044311992695,0.08333333333333333,0.3210073813591232,0.013007935758293851,0.021449502236181656
288,Geirolf the Warrior,1,1,-0.0,0.0,0.0005488764459539491,0.08333333333333333,-0.0,0.0,0.015142198658234135
289,Orlyg Olvisson,2,1,0.6931471805599453,0.005448737267193056,0.0008092520508530438,0.08333333333333333,0.3210073813591232,0.025977556536445453,0.022325343725222057
290,Olvir,2,1,-0.0,0.002728386876418942,0.0011708134638887303,0.08333333333333333,-0.0,0.013007935758293851,0.03229996512443865
291,Hrodgeir the White,1,1,-0.0,0.0,0.0007167582728704123,0.08333333333333333,-0.0,0.0,0.019773659878724634
292,Gudbrand of Dalarna,5,2,0.9502705392332347,0.00023844004956866043,0.0017057307685828288,0.16666666666666666,0.44008526029862655,0.0011367936394212762,0.04705706420040223
293,Thrand Gudbrandsson,2,2,0.6931471805599453,0.0,0.0005069943999304611,0.16666666666666666,0.3210073813591232,0.0,0.013986772394680881
294,Gudrun Gudbrandsdottir  ,2,2,0.6931471805599453,0.0,0.0007955209874519504,0.16666666666666666,0.3210073813591232,0.0,0.021946536269845097
295,"Asvard, overseer of Gudbrand",2,2,0.6931471805599453,0.0,0.0006105334314866874,0.16666666666666666,0.3210073813591232,0.0,0.01684316857685025
296,"Tofi, a Norwegian",2,1,0.6931471805599453,0.002728386876418942,0.0009586229035382962,0.08333333333333333,0.3210073813591232,0.013007935758293851,0.026446131093276985
297,Svein Hakonarson,3,3,0.6365141682948128,0.0,0.0007822045067096885,0.25,0.2947797410028236,0.0,0.021579166166219268
298,Mord the Careless,2,1,0.6931471805599453,0.002728386876418942,0.0007645439535508729,0.08333333333333333,0.3210073813591232,0.013007935758293851,0.021091953413119046
299,Odd Halldorsson,1,1,-0.0,0.0,0.0005433910564773691,0.08333333333333333,-0.0,0.0,0.014990869779422798
300,Aslak of Langey,3,3,0.6365141682948128,0.0,0.0005571090541041527,0.25,0.2947797410028236,0.0,0.015369316781091675
301,Egil the standard-bearer,1,1,-0.0,0.0,0.0002982141622426082,0.08333333333333333,-0.0,0.0,0.008227021073072792
302,"Dungal, son of King Gudrod",4,4,0.5623351446188083,0.0,0.0005696413993094881,0.3333333333333333,0.26042626628656707,0.0,0.015715054446009943
303,Nereid ,2,2,-0.0,0.0,0.00044330275623182956,0.16666666666666666,-0.0,0.0,0.01222967108551838
304,"Lodin, servant of Thrain",9,9,0.9368883075390159,0.00012827276796925752,0.0013464510978168798,0.75,0.43388773793485963,0.0006115569385352916,0.037145390655825686
305,"Tjorvi, servant of Thrain  ",9,9,0.9368883075390159,0.00012827276796925752,0.0016094356025121415,0.75,0.43388773793485963,0.0006115569385352916,0.044400509077261945
306,Flosi Thordarson,91,12,1.9409424684990764,0.20974787446035195,0.03295107768706984,1.0,0.898881040933149,1.0,0.9090420403690994
307,Thord Frey's Godi,8,3,0.9743147528693494,0.012053506275219998,0.0018880743795937314,0.25,0.45122051450240674,0.05746664325553601,0.052087491726196464
308,Ozur,2,2,0.6931471805599453,0.00846172361160607,0.0008909669673273683,0.16666666666666666,0.3210073813591232,0.040342356905292816,0.024579664360979567
309,Asbjorn,2,2,-0.0,0.005889629638300596,0.0011097647377746774,0.16666666666666666,-0.0,0.028079567687890425,0.030615775639782433
310,Heyjang-Bjorn,2,2,-0.0,0.0034457281717965135,0.0012063312580950787,0.16666666666666666,-0.0,0.016427952753570573,0.03327981678274779
311,Helgi,2,2,-0.0,0.0014585648192671893,0.0012126942302936618,0.16666666666666666,-0.0,0.006953895590216804,0.033455356086352465
312,"Ingunn, daughter of Thorir of Espihol",2,2,0.6931471805599453,0.023694175337884774,0.0007603994346813397,0.16666666666666666,0.3210073813591232,0.11296503194059121,0.02097761597246571
313,Thorir of Espihol,3,2,-0.0,0.02170455914704504,0.001548031521110365,0.16666666666666666,-0.0,0.10347928055474905,0.04270651618347672
314,Hamund Dark-skin,2,2,-0.0,0.01086711430822057,0.001221897726106441,0.16666666666666666,-0.0,0.051810366785265086,0.03370925869590081
315,Hjor,2,2,-0.0,0.008193643417041308,0.001322924195840625,0.16666666666666666,-0.0,0.039064250057943395,0.03649633925971761
316,Half,2,2,-0.0,0.005520172525862017,0.0013820037698453534,0.16666666666666666,-0.0,0.02631813333062157,0.03812620451048208
317,Hjorleif the Womanizer,2,2,-0.0,0.0028493804632309925,0.0014080460071479997,0.16666666666666666,-0.0,0.013584788263347112,0.03884464803934618
318,"Ingunn, daughter of Helgi the Lean",2,2,-0.0,0.006262357274616243,0.0011520465492107965,0.16666666666666666,-0.0,0.029856594688877282,0.031782230482425525
319,Helgi the Lean,4,2,0.5623351446188083,0.006730370710389922,0.002318441277863139,0.16666666666666666,0.26042626628656707,0.03208790900840401,0.06396029318736567
320,Steinvor Hallsdottir ,3,2,0.6365141682948128,0.005448737267193056,0.0008835452563110942,0.16666666666666666,0.2947797410028236,0.025977556536445453,0.024374916965785542
321,Hall Thorsteinsson of Sida,41,12,1.8419033453755937,0.10700720322859494,0.010920283276427604,1.0,0.8530144624378139,0.5101706203407663,0.30126470172803194
322,Solvor,2,1,0.6931471805599453,0.002728386876418942,0.0010246144589893715,0.08333333333333333,0.3210073813591232,0.013007935758293851,0.02826668150999116
323,Herjolf the White,1,1,-0.0,0.0,0.0006541549291781971,0.08333333333333333,-0.0,0.0,0.018046582184199612
324,Starkad Thordarson ,4,3,1.3862943611198906,0.005656865499502392,0.0009244244513331774,0.25,0.6420147627182464,0.02696983468393475,0.025502676949978802
325,Thraslaug,4,2,0.6931471805599453,0.008063354186369366,0.0016028662990895755,0.16666666666666666,0.3210073813591232,0.03844307937382011,0.04421927758481226
326,Thorgeir Thordarson,2,2,0.6931471805599453,0.0,0.0006234768030980774,0.16666666666666666,0.3210073813591232,0.0,0.017200245484944532
327,Stein Thordarson,2,2,0.6931471805599453,0.0,0.0005212661458024274,0.16666666666666666,0.3210073813591232,0.0,0.014380495996387917
328,Kolbein Thordarson  ,4,3,1.0397207708399179,0.0013740726600519415,0.0010647975096769536,0.25,0.4815110720386848,0.006551068341394223,0.02937523652394836
329,Egil Thordarson  ,6,3,1.0114042647073516,0.006472181811092731,0.0015568962151753414,0.25,0.468397251860535,0.030856960184910714,0.042951072056780865
330,Hildigunn Starkadardottir  ,9,4,1.2148896539491203,0.004535075930111353,0.002159930487639847,0.3333333333333333,0.5626345419734001,0.02162155846288972,0.05958735663173846
331,Thorstein Bodvarsson,1,1,-0.0,0.0,0.0003456474822462189,0.08333333333333333,-0.0,0.0,0.009535593812545975
332,"Thordis, daughter of Ozur",2,2,0.6931471805599453,0.00956406587960512,0.0008031160713023752,0.16666666666666666,0.3210073813591232,0.04559791561278962,0.02215606661011903
333,"Ozur, son of Hrodlaug",2,2,-0.0,0.006873852309999117,0.0010722529575433737,0.16666666666666666,-0.0,0.0327719760101715,0.029580914638780258
334,"Hrodlaug, son of Rognvald of More",2,2,-0.0,0.0041975582399062334,0.001211940336370143,0.16666666666666666,-0.0,0.020012399413848105,0.033434557941995374
335,Joreid Thidrandadottir,5,3,0.9502705392332347,0.013794954166238197,0.001640436868914038,0.25,0.44008526029862655,0.0657692203162031,0.04525576045118179
336,Thidrandi the Wise,4,3,0.5623351446188083,0.005998907136562252,0.0014654242261567525,0.25,0.26042626628656707,0.028600562232139373,0.040427576943092756
337,Ketil Thrym,2,2,0.6931471805599453,0.0033105352615831816,0.0010343415174287954,0.16666666666666666,0.3210073813591232,0.01578340314580381,0.02853502796999277
338,Thorir Thidrandi of Veradal,2,2,-0.0,0.0006878281713937225,0.0011855478889451934,0.16666666666666666,-0.0,0.0032793093763805493,0.0327064529469067
339,Ketil Thrym of Njardvik,4,3,-0.0,0.0008337782453914362,0.0011216076119865469,0.25,-0.0,0.003975145147652226,0.030942492436107943
340,Thorvald,2,1,0.6931471805599453,0.002728386876418942,0.0010697029737729298,0.08333333333333333,0.3210073813591232,0.013007935758293851,0.029510566637673697
341,Helgi Droplaugarson,1,1,-0.0,0.0,0.0006732984994459501,0.08333333333333333,-0.0,0.0,0.018574707860130883
342,Hallkatla Thidrandadottir,4,3,1.0397207708399179,0.003877772310905609,0.0013643816270963972,0.25,0.4815110720386848,0.018487778819606646,0.03764005140944184
343,Thorkel Geitisson,6,4,1.3296613488547582,0.00641554691968178,0.00159410964480173,0.3333333333333333,0.6157871223619469,0.030586946047429397,0.04397770227258041
344,Thidrandi Geitisson,1,1,-0.0,0.0,0.0005084777392488253,0.08333333333333333,-0.0,0.0,0.014027694206505402
345,Thorstein Thorsteinsson Broad-belly,2,2,0.6931471805599453,0.0,0.0004808916057027593,0.16666666666666666,0.3210073813591232,0.0,0.013266658243956276
346,Kol Thorsteinsson,6,4,1.2424533248940002,0.0035197732252718666,0.0015911960313547478,0.3333333333333333,0.5753997123135761,0.016780972080540437,0.04389732259159259
347,Thorstein Hallsson,5,4,1.3321790402101223,0.0053445107190619005,0.001365926789102604,0.3333333333333333,0.6169531049003207,0.025480643047337093,0.0376826787625185
348,Egil Sidu-Hallsson  ,1,1,-0.0,0.0,0.0003456474822462189,0.08333333333333333,-0.0,0.0,0.009535593812545975
349,Thorvard Hallsson,1,1,-0.0,0.0,0.0003456474822462189,0.08333333333333333,-0.0,0.0,0.009535593812545975
350,Ljot Hallsson,2,2,-0.0,0.0,0.0005750378093791161,0.16666666666666666,-0.0,0.0,0.015863928594131903
351,Thidrandi Hallsson,1,1,-0.0,0.0,0.0003456474822462189,0.08333333333333333,-0.0,0.0,0.009535593812545975
352,Lyting from Samsstadir,19,10,1.6572204305795883,0.004034149764775501,0.003629449833100769,0.8333333333333334,0.7674848945146725,0.01923332846711667,0.1001279081987015
353,Steinvor Sifgussdottir,2,2,-0.0,1.1008088660733994e-05,0.0003838608549690866,0.16666666666666666,-0.0,5.2482480163653924e-05,0.010589810085509082
354,Amundi Hoskuldsson,7,6,1.1537419427010902,0.0004575271658130863,0.0013802639805884519,0.5,0.5343160733792162,0.0021813196772087974,0.038078207853409866
355,Hallstein,4,4,1.0397207708399179,3.158628734691889e-05,0.0006926892034811343,0.3333333333333333,0.4815110720386848,0.00015059169218370103,0.01910965137025632
356,Hallgrim  ,4,4,1.0397207708399179,3.158628734691889e-05,0.0006926892034811343,0.3333333333333333,0.4815110720386848,0.00015059169218370103,0.01910965137025632
357,Olaf Tryggvason,5,4,1.3321790402101223,0.0035957542480014406,0.0012213375806025975,0.3333333333333333,0.6169531049003207,0.017143221390217882,0.03369380561067692
358,Kark ,1,1,-0.0,0.0,0.0003197657834193455,0.08333333333333333,-0.0,0.0,0.008821579159270104
359,Thangbrand,32,5,1.6720305250127199,0.06083692576932224,0.009300823462834755,0.4166666666666667,0.7743436826119138,0.290047877366319,0.2565876484545396
360,Vilbaldus of Saxony,1,1,-0.0,0.0,0.0003798176603249792,0.08333333333333333,-0.0,0.0,0.010478267939792523
361,Gudleif Arason,7,3,1.277034259466139,0.022032123158914875,0.0025280514131833477,0.25,0.5914146880117906,0.10504098416062636,0.06974293941530062
362,Ari son of Mar,2,2,0.6931471805599453,0.013381641710772326,0.0009276377933369242,0.16666666666666666,0.3210073813591232,0.06379869996395039,0.025591325430590894
363,Mar son of Atli,2,2,-0.0,0.010708170819593039,0.0011618041316641741,0.16666666666666666,-0.0,0.051052583236628576,0.03205141902753853
364,Atli son of Ulf,2,2,-0.0,0.008034699928413724,0.0012927258851960271,0.16666666666666666,-0.0,0.03830646650930663,0.035663239529724944
365,Ulf the Squinter,2,2,-0.0,0.0053655821336253875,0.0013628679321233527,0.16666666666666666,-0.0,0.025581103729561884,0.03759829215713876
366,"Hogni the White, son of Otrygg ",2,2,-0.0,0.0027215783564771474,0.0014018929257070098,0.16666666666666666,-0.0,0.012975475262761719,0.03867489912367204
367,Otrygg son of Oblaud,2,2,-0.0,0.0002762709367193725,0.001417070753598544,0.16666666666666666,-0.0,0.0013171572652651371,0.039093619378163295
368,Oblaud son of Hjorleif the Womanizer,2,2,-0.0,0.0003289543955503937,0.0014216884107356943,0.16666666666666666,-0.0,0.0015683324391092938,0.0392210095808615
369,Thorleif Holmsteinsson  ,4,3,1.0397207708399179,0.0023611633311070865,0.001160338014578185,0.25,0.4815110720386848,0.011257150219910384,0.03201097233623682
370,Ketil Holmsteinsson,4,3,1.3862943611198906,0.003147511572181342,0.0011053817302662337,0.25,0.6420147627182464,0.015006166714582405,0.030494858863515897
371,Holmstein son of Ozur from Breiddal,3,2,0.6365141682948128,0.002728386876418942,0.0011668004774417439,0.16666666666666666,0.2947797410028236,0.013007935758293851,0.0321892563511965
372,Ozur from Breiddal,1,1,-0.0,0.0,0.0005491200648002508,0.08333333333333333,-0.0,0.0,0.015148919524095264
373,Thorkel of Stafafell,2,2,0.6931471805599453,0.0,0.0008296970259942412,0.16666666666666666,0.3210073813591232,0.0,0.022889372073373552
374,Hildir the Old,3,3,1.0986122886681096,0.0,0.0006194411698729663,0.25,0.5087846619089057,0.0,0.017088911940834808
375,Glum Hildisson,8,6,1.073542846408523,0.0016533121533588244,0.0014552435586965232,0.5,0.49717460817488834,0.007882378582441108,0.040146716486622845
376,Ozur Hroaldsson,3,3,0.6365141682948128,0.0,0.0007363876572951235,0.25,0.2947797410028236,0.0,0.02031518801440776
377,Surt Asbjarnarson,4,3,1.0397207708399179,0.00014927197067479144,0.0008912576011287122,0.25,0.4815110720386848,0.0007116733414288206,0.02458768225788367
378,Asbjorn son of Thorstein,4,3,1.0397207708399179,1.3394142741379194e-06,0.0008462963860162553,0.25,0.4815110720386848,6.385830023708321e-06,0.02334730902604427
379,Thorstein son of Ketil the Foolish,4,3,1.0397207708399179,1.3394142741379194e-06,0.0008836915532813925,0.25,0.4815110720386848,6.385830023708321e-06,0.02437895295203287
380,Ketil the Foolish,3,3,1.0986122886681096,0.0,0.0006947859876807748,0.25,0.5087846619089057,0.0,0.019167496670648508
381,Hedin the Sorcerer,3,3,0.6365141682948128,1.2858377031724026e-05,0.0008028759345909642,0.25,0.2947797410028236,6.130396822759988e-05,0.02214944180809642
382,Ingjald Thorkelsson   ,2,1,0.6931471805599453,0.002728386876418942,0.0008854411708753299,0.08333333333333333,0.3210073813591232,0.013007935758293851,0.024427220749601224
383,Thorkel Haeyjar-Tyrdil,1,1,-0.0,0.0,0.0005947886637293326,0.08333333333333333,-0.0,0.0,0.016408807796811187
384,Ari Veturlidason,2,2,0.6931471805599453,0.0,0.0005958135395220591,0.16666666666666666,0.3210073813591232,0.0,0.016437081687898838
385,Hall Thorarinsson,1,1,-0.0,0.0,0.0003798176603249792,0.08333333333333333,-0.0,0.0,0.010478267939792523
386,Thorgils of Reykjaholar,2,2,0.6931471805599453,0.0,0.0009047470582971153,0.16666666666666666,0.3210073813591232,0.0,0.024959824370633096
387,Steinunn,2,1,0.6931471805599453,0.002728386876418942,0.0008854411708753299,0.08333333333333333,0.3210073813591232,0.013007935758293851,0.024427220749601224
388,Ref the Poet,1,1,-0.0,0.0,0.0005947886637293326,0.08333333333333333,-0.0,0.0,0.016408807796811187
389,Gest Oddleifsson,1,1,-0.0,0.0,0.001025217051989009,0.08333333333333333,-0.0,0.0,0.028283305620895958
390,"Otrygg, a berserk",1,1,-0.0,0.0,0.0005411675082409867,0.08333333333333333,-0.0,0.0,0.014929527360068383
391,Thorgeir Tjorvason the Godi of Ljosavatn,5,2,1.0549201679861442,0.02396294686503481,0.001758081591916369,0.16666666666666666,0.48855015235667143,0.11424643480506144,0.048501299187496384
392,Tjorvi son of Thorkel the Long,2,1,0.6931471805599453,0.002728386876418942,0.0011004712763234823,0.08333333333333333,0.3210073813591232,0.013007935758293851,0.030359391091758958
393,Thorkel the Long,1,1,-0.0,0.0,0.0006866837906662166,0.08333333333333333,-0.0,0.0,0.018943976281557365
394,"Thorunn, daughter of Thorstein",2,1,0.6931471805599453,0.008161051172322343,0.0010777409069275862,0.08333333333333333,0.3210073813591232,0.038908862334454807,0.029732314139368506
395,Thorstein son of Sigmund,2,1,-0.0,0.005448737267193056,0.0013217469470871877,0.08333333333333333,-0.0,0.025977556536445453,0.03646386176022549
396,Sigmund son of Gnupa-Bard,2,1,-0.0,0.002728386876418942,0.001510857934327559,0.08333333333333333,-0.0,0.013007935758293851,0.04168098513718441
397,Gnupa-Bard,1,1,-0.0,0.0,0.000862611232498257,0.08333333333333333,-0.0,0.0,0.02379739692529763
398,Gudrid daughter of Thorkel the Black,3,2,-0.0,0.02692222691017218,0.0011106195534922212,0.16666666666666666,-0.0,0.12835518347653727,0.030639357976948924
399,Thorkel the Black,3,2,-0.0,0.024266168404556684,0.0014932673414253458,0.16666666666666666,-0.0,0.11569208253952366,0.04119570242154793
400,Orm Box-back,3,2,0.6365141682948128,0.002728386876418942,0.0017143998166982478,0.16666666666666666,0.2947797410028236,0.013007935758293851,0.04729622266622657
401,Hlenni Ormsson from Saurbaer,1,1,-0.0,0.0,0.0007045663142313756,0.08333333333333333,-0.0,0.0,0.01943731267143209
402,Thorir Snepil,3,2,0.6365141682948128,0.01624977397384124,0.0016735303133628698,0.16666666666666666,0.2947797410028236,0.07747288984762936,0.0461687300526711
403,Ketil Brimil,2,1,0.6931471805599453,0.013561569525646433,0.0012812079952344312,0.08333333333333333,0.3210073813591232,0.06465652899004676,0.03534548827767577
404,Ornolf son of Bjornulf,2,1,-0.0,0.010865328591806802,0.0013889269983482682,0.08333333333333333,-0.0,0.05180185315232191,0.038317199956033186
405,Bjornolf son of Grim Hairy-cheeks,2,1,-0.0,0.008161051172322343,0.001464833704005263,0.08333333333333333,-0.0,0.038908862334454807,0.040411285838244194
406,Grim Hairy-cheeks,2,1,-0.0,0.005448737267193056,0.0015522792776644187,0.08333333333333333,-0.0,0.025977556536445453,0.04282370170686261
407,Ketil Haeng,2,1,-0.0,0.002728386876418942,0.0016618325988902271,0.08333333333333333,-0.0,0.013007935758293851,0.04584601786908632
408,Hallbjorn Half-troll,1,1,-0.0,0.0,0.000927522924024989,0.08333333333333333,-0.0,0.0,0.02558815645885986
409,Thord Karason,5,4,0.9502705392332347,6.851886786791256e-05,0.0007853415355860017,0.3333333333333333,0.44008526029862655,0.00032667252549853365,0.021665709348736774
410,Gudmund Eyjolfsson the Powerful,27,12,1.5853244391026309,0.10798804010529077,0.008101418794777205,1.0,0.7341887279839339,0.5148468864493949,0.22349891985410594
411,Eyjolf son of Einar,3,2,1.0986122886681096,0.03645458144267284,0.0012579471399202407,0.16666666666666666,0.5087846619089057,0.1738019111586456,0.03470377647764443
412,Einar son of Audun the Rotten,3,2,0.6365141682948128,0.018737763757046662,0.0015870446989603962,0.16666666666666666,0.2947797410028236,0.08933470150892332,0.04378279718195804
413,Audun the Rotten,2,1,0.6931471805599453,0.008161051172322343,0.001280025866697024,0.08333333333333333,0.3210073813591232,0.038908862334454807,0.03531287615652367
414,Thorolf Butter,2,1,-0.0,0.005448737267193056,0.0014399129091505365,0.08333333333333333,-0.0,0.025977556536445453,0.039723780245331526
415,Thorstein Skrofi,2,1,-0.0,0.002728386876418942,0.0015904603041272496,0.08333333333333333,-0.0,0.013007935758293851,0.043877025623269075
416,Grim Kamban,1,1,-0.0,0.0,0.0008954939904039476,0.08333333333333333,-0.0,0.0,0.024704554185021543
417,Hallbera daughter of Thorodd Helmet,3,1,0.6365141682948128,0.00816908765796717,0.0013693448136090527,0.08333333333333333,0.2947797410028236,0.038947177314597056,0.03777697394766787
418,Thorodd Helmet,1,1,-0.0,0.0,0.0006064923055231015,0.08333333333333333,-0.0,0.0,0.016731683501120292
419,Reginleif,2,1,-0.0,0.002728386876418942,0.0012407064953690026,0.08333333333333333,-0.0,0.013007935758293851,0.03422814800658275
420,Saemund the Hebridean,1,1,-0.0,0.0,0.0007460426984555767,0.08333333333333333,-0.0,0.0,0.020581547688579817
421,Valgerd Runolfsdottir,2,1,0.6931471805599453,0.013561569525646433,0.0011315726073801988,0.08333333333333333,0.3210073813591232,0.06465652899004676,0.031217403012051524
422,Valborg,2,1,-0.0,0.010865328591806802,0.0013130274486148202,0.08333333333333333,-0.0,0.05180185315232191,0.0362233114887718
423,Jorunn the Unborn,3,1,-0.0,0.00816908765796717,0.002155956671243222,0.08333333333333333,-0.0,0.038947177314597056,0.05947772846723514
424,Oswald the Saint,1,1,-0.0,0.0,0.0008311376264318921,0.08333333333333333,-0.0,0.0,0.0229291148208987
425,Bera,2,1,-0.0,0.002728386876418942,0.0015930646650157499,0.08333333333333333,-0.0,0.013007935758293851,0.043948873760025736
426,Edmund the Saint,1,1,-0.0,0.0,0.0008939822429493077,0.08333333333333333,-0.0,0.0,0.02466284866012978
427,Helga daughter of Helgi the Lean,3,2,-0.0,0.00687700214543522,0.001652823414988491,0.16666666666666666,-0.0,0.03278699325620656,0.045597475864060835
428,Eyvind the Norwegian,1,1,-0.0,0.0,0.0007123255842340786,0.08333333333333333,-0.0,0.0,0.019651372518033092
429,Rafarta daughter of Kjarval,2,2,-0.0,0.0008277107122172513,0.001270298167659935,0.16666666666666666,-0.0,0.003946217401948982,0.03504451202395261
430,"Kjarval, king of the Irish",2,2,-0.0,0.000349587125549997,0.0013094990037323308,0.16666666666666666,-0.0,0.0016667016361878722,0.03612597006747538
431,Thorunn Hyrna,2,2,-0.0,0.002118368695100588,0.0011536731417915924,0.16666666666666666,-0.0,0.01009959552892164,0.031827104311820065
432,Grim the hersir,2,1,0.6931471805599453,0.008161051172322343,0.0013222842324491974,0.08333333333333333,0.3210073813591232,0.038908862334454807,0.03647868418838338
433,Hervor daughter of Thorgerd,2,1,-0.0,0.005448737267193056,0.0014659474566802617,0.08333333333333333,-0.0,0.025977556536445453,0.040442011631608606
434,Thorgerd daughter of Haleyg,2,1,-0.0,0.002728386876418942,0.001607115372315815,0.08333333333333333,-0.0,0.013007935758293851,0.044336499432059286
435,Haleyg of Halogaland,1,1,-0.0,0.0,0.0009029562547346249,0.08333333333333333,-0.0,0.0,0.02491042034992681
436,Thorlaug daughter of Atli the Mighty,3,2,1.0986122886681096,0.0402850158636272,0.0012752455383691914,0.16666666666666666,0.5087846619089057,0.19206400049237285,0.035180998241693816
437,Atli the Mighty,2,1,0.6931471805599453,0.010865328591806802,0.0011470515743728542,0.08333333333333333,0.3210073813591232,0.05180185315232191,0.03164443097973863
438,Eilif the Eagle,2,1,-0.0,0.008161051172322343,0.0013282616559179461,0.08333333333333333,-0.0,0.038908862334454807,0.03664358711744035
439,Bard of Al,2,1,-0.0,0.005448737267193056,0.0014712578149743013,0.08333333333333333,-0.0,0.025977556536445453,0.04058851181544323
440,Ketil the Sly,2,1,-0.0,0.002728386876418942,0.0016088264076053944,0.08333333333333333,-0.0,0.013007935758293851,0.04438370283540634
441,Skidi the Old,1,1,-0.0,0.0,0.00090481742042491,0.08333333333333333,-0.0,0.0,0.02496176549476939
442,Herdis daughter of Thord,3,2,-0.0,0.02464467538451868,0.001636247396960505,0.16666666666666666,-0.0,0.11749666330553062,0.045140182861614725
443,Thord at Hofdi,2,2,-0.0,0.014698137675570513,0.0012451641496228317,0.16666666666666666,-0.0,0.07007526399676989,0.03435112410941749
444,Bjorn Byrdusmjor,2,2,-0.0,0.012061500676930018,0.001328368232654755,0.16666666666666666,-0.0,0.05750475759510006,0.036646527316701955
445,Hroald Hrygg,2,2,-0.0,0.009475091713569679,0.0013620430234706877,0.16666666666666666,-0.0,0.04517371981931921,0.03757553488492271
446,Bjorn Iron-side,2,2,-0.0,0.0070604073871571565,0.0013652248294606297,0.16666666666666666,-0.0,0.03366140136257622,0.037663313361748996
447,Sigurd Ring,2,1,0.6931471805599453,0.005448737267193056,0.0014713093099153315,0.08333333333333333,0.3210073813591232,0.025977556536445453,0.04058993243866858
448,Randver son of Radbard,2,1,-0.0,0.002728386876418942,0.0016101390147830207,0.08333333333333333,-0.0,0.013007935758293851,0.04441991455261584
449,Radbard,1,1,-0.0,0.0,0.0009042813056048561,0.08333333333333333,-0.0,0.0,0.024946975359086358
450,Thorgerd Skidadottir,2,2,-0.0,0.004918376523834423,0.0012335131173580507,0.16666666666666666,-0.0,0.02344899339975972,0.034029699777170574
451,Fridgerd daughter of Kjarval,2,2,-0.0,0.002400947395592204,0.0013019052054672696,0.16666666666666666,-0.0,0.01144682587019993,0.03591647519345093
452,Bishop Ketil,1,1,-0.0,0.0,0.0003260534410409657,0.08333333333333333,-0.0,0.0,0.008995040712418115
453,Snorri Thorgrimsson the Godi,15,11,0.9495936677167384,0.023666362416817736,0.004453391226747584,0.9166666666666666,0.4397717904337538,0.1128324302580302,0.12285849603374432
455,Thorgrim Thorsteinsson,3,2,0.6365141682948128,0.014242249551709529,0.001174833487776431,0.16666666666666666,0.2947797410028236,0.06790175866312152,0.032410868043970226
456,Thorstein Cod-biter,2,2,-0.0,0.007383047011380883,0.0010563208806575923,0.16666666666666666,-0.0,0.035199627316254305,0.029141386444373092
457,Thorolf Moster-beard,4,2,0.6931471805599453,0.005990563253820784,0.00235982037915729,0.16666666666666666,0.3210073813591232,0.02856078169675642,0.06510184439932604
458,Ornolf Fish-driver,1,1,-0.0,0.0,0.0007226674600933485,0.08333333333333333,-0.0,0.0,0.01993668033168447
460,Thorgils Whale-side,1,1,-0.0,0.0,0.0007226674600933485,0.08333333333333333,-0.0,0.0,0.01993668033168447
461,Osk daughter of Thorstein the Red,2,2,-0.0,0.0012997389334571262,0.0011118412396883747,0.16666666666666666,-0.0,0.0061966727281558805,0.030673061400035385
462,Thora daughter of Olaf Feilan,2,2,-0.0,0.0018691780062201834,0.0009694083792166178,0.16666666666666666,-0.0,0.008911546832258884,0.026743676773272152
463,Olaf Feilan,3,2,-0.0,0.0014825052356442078,0.0014743253241589658,0.16666666666666666,-0.0,0.007068034608019074,0.0406731371146386
464,Thordis Sursdottir,2,1,0.6931471805599453,0.002728386876418942,0.0007846161333154682,0.08333333333333333,0.3210073813591232,0.013007935758293851,0.021645697221474757
465,Gisli Sursson,1,1,-0.0,0.0,0.0005519601705031073,0.08333333333333333,-0.0,0.0,0.015227271300856776
466,Geirleif Onundarson,2,2,0.6931471805599453,0.001362184316798264,0.0006473831152504475,0.16666666666666666,0.3210073813591232,0.006494389134111363,0.01785976390747002
467,Onund Box-back,2,2,-0.0,2.009121411206879e-06,0.0007687202527642839,0.16666666666666666,-0.0,9.578745035562484e-06,0.021207167598045102
468,Modolf Ketilsson,3,3,0.6365141682948128,2.696323174705425e-05,0.0008008192018760107,0.25,0.2947797410028236,0.00012855067931642395,0.02209270143312444
469,Kolbein Egilsson,2,2,0.6931471805599453,0.0,0.0005098664841627766,0.16666666666666666,0.3210073813591232,0.0,0.01406600638318501
470,Thorgrim the Showy,2,1,0.6931471805599453,0.002728386876418942,0.0008016273869658061,0.08333333333333333,0.3210073813591232,0.013007935758293851,0.02211499734192598
471,Thorkel the Fair,1,1,-0.0,0.0,0.0004455876010525851,0.08333333333333333,-0.0,0.0,0.01229270453217865
472,Lodmund Ulfsson,2,2,0.6931471805599453,0.0,0.0005073226312827878,0.16666666666666666,0.3210073813591232,0.0,0.013995827518797481
473,Arnor Ornulfsson,3,3,-0.0,1.0012121699180949e-05,0.0007892870234194931,0.25,-0.0,4.773407942721971e-05,0.02177455599540702
474,Hoskuld the White,3,2,1.0986122886681096,0.010865328591806802,0.0008547420471732432,0.16666666666666666,0.5087846619089057,0.05180185315232191,0.0235803047757835
475,Ingjald the Strong,2,1,0.6931471805599453,0.008161051172322343,0.0010017202599563804,0.08333333333333333,0.3210073813591232,0.038908862334454807,0.02763508488668153
476,Geirfinn the Red,2,1,-0.0,0.005448737267193056,0.0012768158272145076,0.08333333333333333,-0.0,0.025977556536445453,0.03522431878463543
477,Solvi son of Gunnstein the Berserk-Slayer,2,1,-0.0,0.002728386876418942,0.0014806739329842604,0.08333333333333333,-0.0,0.013007935758293851,0.04084828016685858
478,Gunnstein the Berserk-slayer,1,1,-0.0,0.0,0.0008499191321622153,0.08333333333333333,-0.0,0.0,0.023447251995422632
479,Thraslaug Egilsdottir,2,2,0.6931471805599453,7.401698951334296e-05,0.0005204755213888359,0.16666666666666666,0.3210073813591232,0.00035288552841728166,0.014358684544971297
480,Vebrand Hamundarson,1,1,-0.0,0.0,0.00032067846970462184,0.08333333333333333,-0.0,0.0,0.00884675800807328
481,Rannveig Mardardottir,2,2,0.6931471805599453,8.310733511493014e-05,0.0005423141073635004,0.16666666666666666,0.3210073813591232,0.00039622492160529466,0.014961159308974997
482,Starkad of Stafafell,2,2,0.6931471805599453,0.0002350116972502604,0.0005511459169394768,0.16666666666666666,0.3210073813591232,0.0011204485282862021,0.015204807977262631
483,Thorolf Loftsson,1,1,-0.0,0.0,0.00032654845604521154,0.08333333333333333,-0.0,0.0,0.009008697001713003
484,Haf Thorkelsson the Wealthy,5,2,1.0549201679861442,0.025666462652139094,0.001690486208288369,0.16666666666666666,0.48855015235667143,0.12236816567593276,0.04663650295727046
485,Thorkel son of Eirik of Goddalir,2,2,-0.0,0.012236060052909921,0.0009599478817071765,0.16666666666666666,-0.0,0.05833699189749295,0.026482684096778782
486,Eirik of Goddalir,3,2,0.6365141682948128,0.010965494733312025,0.001600748088089978,0.16666666666666666,0.2947797410028236,0.052279408129996575,0.04416084116985513
487,Geirmund son of Hroald,2,1,0.6931471805599453,0.008161051172322343,0.0012854208868245537,0.08333333333333333,0.3210073813591232,0.038908862334454807,0.03546171195944147
488,Hroald son of Eirik Stiff-beard,2,1,-0.0,0.005448737267193056,0.0014438189894121962,0.08333333333333333,-0.0,0.025977556536445453,0.03983153973060924
489,Eirik Stiff-beard,2,1,-0.0,0.002728386876418942,0.0015935918325743767,0.08333333333333333,-0.0,0.013007935758293851,0.04396341706199788
490,Grjotgard  ,1,1,-0.0,0.0,0.0008968901305662376,0.08333333333333333,-0.0,0.0,0.02474307037905387
491,Thorunn daughter of Asbjorn the Bald,2,1,0.6931471805599453,0.005448737267193056,0.001082509454278876,0.08333333333333333,0.3210073813591232,0.025977556536445453,0.029863867045011833
492,Asbjorn the Bald,2,1,-0.0,0.002728386876418942,0.0013517738400421991,0.08333333333333333,-0.0,0.013007935758293851,0.037292232482937206
493,Hrossbjorn,1,1,-0.0,0.0,0.0007946873136105371,0.08333333333333333,-0.0,0.0,0.02192353718687131
494,Svanlaug Thorkelsdottir,1,1,-0.0,0.0,0.0005062899530773106,0.08333333333333333,-0.0,0.0,0.013967338377657188
496,Thorkel Thorgeirsson Bully,6,2,1.0986122886681096,0.029223801010588923,0.002002370671258852,0.16666666666666666,0.5087846619089057,0.13932823436603176,0.055240655187756144
497,Thorir Helgason,1,1,-0.0,0.0,0.0003132904007636519,0.08333333333333333,-0.0,0.0,0.008642938717904136
498,Sorkvir the Old,1,1,-0.0,0.0,0.0003887153603168641,0.08333333333333333,-0.0,0.0,0.010723734368296895
499,Einar of Thvera,4,4,-0.0,0.0006002946319091128,0.0007907759213387831,0.3333333333333333,-0.0,0.002861981955495739,0.021815631155840513
500,Thorgrim Stout-Ketilsson,3,2,0.6365141682948128,0.002728386876418942,0.0008979510961998249,0.16666666666666666,0.2947797410028236,0.013007935758293851,0.02477233990320956
501,Hall the Red,1,1,-0.0,0.0,0.0004092686273205855,0.08333333333333333,-0.0,0.0,0.011290750231958477
502,Hroald Ozurarson,2,2,-0.0,0.0,0.00048068873836433067,0.16666666666666666,-0.0,0.0,0.0132610616154939
503,Ozur Onundarson,2,2,0.6931471805599453,0.001362184316798264,0.0006473831152504475,0.16666666666666666,0.3210073813591232,0.006494389134111363,0.01785976390747002
504,Thorstein Geirleifsson the Fair,4,3,0.5623351446188083,0.0027283868764189424,0.0009151083395658079,0.25,0.26042626628656707,0.013007935758293855,0.025245667533481345
505,Geirleif   ,1,1,-0.0,0.0,0.0003740264229124855,0.08333333333333333,-0.0,0.0,0.010318501442207499
506,Thorir Thordarson,2,1,0.6931471805599453,0.002728386876418942,0.0007927418723450728,0.08333333333333333,0.3210073813591232,0.013007935758293851,0.021869867078895756
507,Thord Illugi of Mortunga,1,1,-0.0,0.0,0.0005553794633662626,0.08333333333333333,-0.0,0.0,0.015321601476957873
508,Egil,1,1,-0.0,0.0,0.00032067846970462184,0.08333333333333333,-0.0,0.0,0.00884675800807328
509,Sigurd Lambason,3,3,0.6365141682948128,0.0,0.0005850192210368881,0.25,0.2947797410028236,0.0,0.016139292055846705
510,Hroar Hamundarson,3,3,1.0986122886681096,9.721288152792935e-05,0.0005419308336889142,0.25,0.5087846619089057,0.00046347493045182313,0.01495058569780287
511,Saeunn,2,2,0.6931471805599453,0.0,0.0004609213122938478,0.16666666666666666,0.3210073813591232,0.0,0.012715725238377214
512,Runolf Thorsteinsson,1,1,-0.0,0.0,0.000902004134307655,0.08333333333333333,-0.0,0.0,0.024884153606731657
513,Hildiglum Runolfsson,2,1,0.6931471805599453,0.002728386876418942,0.0010717381901283486,0.08333333333333333,0.3210073813591232,0.013007935758293851,0.02956671342734451
514,Geirmund  ,9,8,0.6837389058487535,0.0004415376798753745,0.0019242390322317233,0.6666666666666666,0.31665026109253397,0.002105087744089808,0.053085188673637436
515,Thord Freed-man ,3,2,1.0986122886681096,0.00039450049509381056,0.000611419230835992,0.16666666666666666,0.5087846619089057,0.0018808319088276714,0.016867605678892755
516,Bard,2,2,0.6931471805599453,1.3633674247863797e-05,0.0004862433334344026,0.16666666666666666,0.3210073813591232,6.50002975378944e-05,0.013414299712404574
517,Thorstein Kolbeinsson,2,2,0.6931471805599453,2.2042932054384038e-05,0.0005123310273852423,0.16666666666666666,0.3210073813591232,0.00010509251696159978,0.01413399728232356
518,Grim the Red,3,3,-0.0,0.0,0.000497252590489186,0.25,-0.0,0.0,0.013718018989542368
519,Arni Kolsson,2,2,-0.0,0.0,0.00040414180022367195,0.16666666666666666,-0.0,0.0,0.011149313238332417
520,Eyjolf Bolverksson,16,11,1.1601862439785162,0.020793245187744017,0.0038256155650826435,0.9166666666666666,0.5373005308447788,0.09913447390702643,0.10553965524214573
522,Hallbjorn the Strong,6,4,1.2424533248940002,0.0027922293864307154,0.0015803735999082513,0.3333333333333333,0.5753997123135761,0.013312313145554772,0.04359875738964964
523,Oddny Brodd-Helgadottir ,2,2,0.6931471805599453,4.353096390948238e-06,0.000497265550308727,0.16666666666666666,0.3210073813591232,2.0753947577052044e-05,0.013718376520209808
524,Sorli Brodd-Helgason,4,2,1.0397207708399179,0.0011875892764224671,0.0009815253534694963,0.16666666666666666,0.4815110720386848,0.0056619847971186655,0.02707795533928879
525,Hrafnkel Thorisson,3,2,1.0986122886681096,0.008161051172322343,0.0010218967462063018,0.16666666666666666,0.5087846619089057,0.038908862334454807,0.028191706263447757
526,Thorir son of Hrafnkel,2,1,0.6931471805599453,0.005448737267193056,0.000983836430212979,0.08333333333333333,0.3210073813591232,0.025977556536445453,0.027141712462448665
527,Hrafnkel son of Hrafn,2,1,-0.0,0.002728386876418942,0.0012868537729725533,0.08333333333333333,-0.0,0.013007935758293851,0.03550124188802117
528,Hrafn,1,1,-0.0,0.0,0.0007664624824017765,0.08333333333333333,-0.0,0.0,0.02114488107144012
529,Thorir Hrafnkelsson,2,2,0.6931471805599453,0.0,0.0006402630748114746,0.16666666666666666,0.3210073813591232,0.0,0.017663338887638446
530,Holmstein Bessason  ,3,2,0.6365141682948128,0.0027283868764189424,0.0011091712763535875,0.16666666666666666,0.2947797410028236,0.013007935758293855,0.030599403447460496
531,Bessi the Wise,1,1,-0.0,0.0,0.0003531432111243232,0.08333333333333333,-0.0,0.0,0.009742383184903267
532,Bjarni Brodd-Helgasson,13,3,0.937155853065701,0.03368774635103439,0.005190189684280191,0.25,0.4340116424840294,0.1606106685834487,0.14318501705187392
533,Thordis Gudmundardottir,2,2,0.6931471805599453,0.0002295837242495069,0.0004929154990935416,0.16666666666666666,0.3210073813591232,0.0010945699680637501,0.013598368929868874
534,Thorkel Thrym-Ketilsson the All-wise,4,3,1.0397207708399179,0.0032799346984552905,0.0013245290642630307,0.25,0.4815110720386848,0.01563751102076263,0.03654061377113366
535,Thorvald Thrym-Ketilsson,5,3,1.0549201679861442,0.00496829099348622,0.0014289572038406581,0.25,0.48855015235667143,0.023686967061138736,0.039421538333757195
536,Yngvild,3,2,0.6365141682948128,0.002728386876418942,0.0012034375813570633,0.16666666666666666,0.2947797410028236,0.013007935758293851,0.033199987108250485
537,Thorkel the All-wise,1,1,-0.0,0.0,0.00042306619429371235,0.08333333333333333,-0.0,0.0,0.01167139236307464
538,Brodd-Helgi Thorgilsson,3,2,1.0986122886681096,0.021019925028132127,0.001322856194240819,0.16666666666666666,0.5087846619089057,0.10021519923485787,0.03649446325694698
539,Thorgils son of Thorstein the White,2,1,0.6931471805599453,0.010865328591806802,0.0011650122201547317,0.08333333333333333,0.3210073813591232,0.05180185315232191,0.03213992257618834
540,Thorstein the White,2,1,-0.0,0.008161051172322343,0.0013386846086352196,0.08333333333333333,-0.0,0.038908862334454807,0.036931131649208394
541,Olvir son of Eyvald,2,1,-0.0,0.005448737267193056,0.0014778100172668928,0.08333333333333333,-0.0,0.025977556536445453,0.04076927152829795
542,Eyvald son of Ox-Thorir,2,1,-0.0,0.002728386876418942,0.001613146442481007,0.08333333333333333,-0.0,0.013007935758293851,0.04450288234616733
543,Ox-Thorir,1,1,-0.0,0.0,0.0009068359946274299,0.08333333333333333,-0.0,0.0,0.025017453166933604
544,Halla Lytingsdottir,1,1,-0.0,0.0,0.0003563010028648191,0.08333333333333333,-0.0,0.0,0.009829499165573225
545,Asvor daughter of Thorir,2,2,-0.0,0.0048665888820288135,0.001112533766788611,0.16666666666666666,-0.0,0.02320208914893548,0.030692166579361788
546,Thorir son of Porridge-Atli,2,2,-0.0,0.0021944574051236663,0.0012183876865656481,0.16666666666666666,-0.0,0.010462358251637388,0.03361242503430586
547,Porridge-Atli,2,2,-0.0,0.00012978924316396441,0.001241287679656208,0.16666666666666666,-0.0,0.0006187869292973365,0.034244181501914495
548,Rannveig Thorgeirsdottir,2,2,0.6931471805599453,0.004000224105741766,0.0007837043427669149,0.16666666666666666,0.3210073813591232,0.01907158351918325,0.021620543083922184
549,Thorgeir son of Eirik of Goddalir,2,2,-0.0,0.0014049146929925643,0.001005279213593927,0.16666666666666666,-0.0,0.006698111704860834,0.0277332679721326
550,Bolverk,2,2,0.6931471805599453,0.015159469974001588,0.0007491373935366141,0.16666666666666666,0.3210073813591232,0.07227472513370875,0.020666922982143898
551,Eyjolf the Grey of Otradal,3,2,0.6365141682948128,0.01318577667538881,0.0015269960864758023,0.16666666666666666,0.2947797410028236,0.06286488818689451,0.04212619845906562
552,Thord Bellower,2,2,-0.0,0.0007249075254489996,0.0010678975055989346,0.16666666666666666,-0.0,0.0034560899714196,0.029460758055135164
553,Hrodny daughter of Skeggi,2,1,0.6931471805599453,0.008161051172322343,0.0012563197705127024,0.08333333333333333,0.3210073813591232,0.038908862334454807,0.034658881217443475
554,Skeggi from Midfjord,2,1,-0.0,0.005448737267193056,0.0014272601829111407,0.08333333333333333,-0.0,0.025977556536445453,0.039374721553348126
555,Skin-Bjorn,2,1,-0.0,0.002728386876418942,0.0015815140895967007,0.08333333333333333,-0.0,0.013007935758293851,0.04363022079376813
556,Skutad-Skeggi,1,1,-0.0,0.0,0.0008921803328046184,0.08333333333333333,-0.0,0.0,0.02461313823517658
557,Lyting from Oxarfjord,2,2,0.6931471805599453,0.0,0.0007341780410721638,0.16666666666666666,0.3210073813591232,0.0,0.020254229946242965
558,Blaeing from Oxarfjord,2,2,0.6931471805599453,0.0,0.0007341780410721638,0.16666666666666666,0.3210073813591232,0.0,0.020254229946242965
559,Hroi Arnsteinsson,2,2,0.6931471805599453,0.0,0.0007341780410721638,0.16666666666666666,0.3210073813591232,0.0,0.020254229946242965
560,Kol Skutason  ,3,2,1.0986122886681096,0.002728386876418942,0.0010752429349279898,0.16666666666666666,0.5087846619089057,0.013007935758293851,0.02966340101959552
561,Killer-Skuta,1,1,-0.0,0.0,0.0004012847967391277,0.08333333333333333,-0.0,0.0,0.011070495291872632
562,Eyvind Thorkelsson,3,2,1.0986122886681096,3.2480796147844544e-05,0.0008972046791839999,0.16666666666666666,0.5087846619089057,0.0001548563780749268,0.024751748028993013
563,Askel the Godi,2,2,0.6931471805599453,0.0,0.0005754343934157248,0.16666666666666666,0.3210073813591232,0.0,0.015874869406606696
564,Einar Konalsson,1,1,-0.0,0.0,0.0005412246983049536,0.08333333333333333,-0.0,0.0,0.014931105098221016
565,Thorstein Skaftason Hare-lip,2,2,0.6931471805599453,3.080652830517214e-05,0.0005676417789358524,0.16666666666666666,0.3210073813591232,0.0001468740905452914,0.015659889665007146
566,Jodis Gudmundardottir,2,2,0.6931471805599453,0.00022982207281021708,0.0005672771705172826,0.16666666666666666,0.3210073813591232,0.0010957063255182579,0.0156498309839558
567,Leidolf Hamundarson the Strong,4,3,0.5623351446188083,0.00014039153548461012,0.0007485088968103747,0.25,0.26042626628656707,0.0006693347231566246,0.02064958424889178
569,"Thorodd, a witness  ",1,1,-0.0,0.0,0.0003080877194158935,0.08333333333333333,-0.0,0.0,0.008499409085499659
570,"Thorbjorn, a witness",1,1,-0.0,0.0,0.0003080877194158935,0.08333333333333333,-0.0,0.0,0.008499409085499659
571,"Jon, a witness",1,1,-0.0,0.0,0.0003080877194158935,0.08333333333333333,-0.0,0.0,0.008499409085499659
572,Thorvard Tjorvason,1,1,-0.0,0.0,0.0005589606556548458,0.08333333333333333,-0.0,0.0,0.015420398074018649
573,Halldor Gudmundarson,2,1,0.6931471805599453,0.002728386876418942,0.0008011603738882914,0.08333333333333333,0.3210073813591232,0.013007935758293851,0.02210211355934094
576,"Solvi, at the Althing  ",3,3,-0.0,2.6290788752364306e-05,0.0005966253246545621,0.25,-0.0,0.0001253447207510748,0.01645947691333577
577,Bruni Haflidason,2,2,-0.0,0.0006002946319091128,0.0004282640983366158,0.16666666666666666,-0.0,0.002861981955495739,0.011814790200974732
578,Thorstein Hlennason,1,1,-0.0,0.0,0.00032067846970462184,0.08333333333333333,-0.0,0.0,0.00884675800807328
579,Kol Hallsson,1,1,-0.0,0.0,0.0003456474822462189,0.08333333333333333,-0.0,0.0,0.009535593812545975
580,Bjorn the White from Mork,14,7,1.3316643102930148,0.005986274902364306,0.0037677383522054337,0.5833333333333334,0.6167147253650186,0.028540336428991443,0.10394296028168254
581,Kadal son of Bjalfi,2,1,0.6931471805599453,0.002728386876418942,0.0007801261756518706,0.08333333333333333,0.3210073813591232,0.013007935758293851,0.021521829944220597
582,Bjalfi,1,1,-0.0,0.0,0.000550020068676775,0.08333333333333333,-0.0,0.0,0.015173748495336368
583,Valgerd Thorbrandsdottir  ,9,7,1.0027182645175161,0.007416167100311674,0.0022184170995973905,0.5833333333333334,0.4643746283057923,0.03535753160499146,0.061200863466722016
584,Thorbrand  ,2,1,0.6931471805599453,0.0027283868764189424,0.0007968245455740887,0.08333333333333333,0.3210073813591232,0.013007935758293855,0.021982498345087125
585,Asbrand  ,1,1,-0.0,0.0,0.000557035942545234,0.08333333333333333,-0.0,0.0,0.015367299806675084
586,Gudlaug,2,2,0.6931471805599453,0.00014494548840682554,0.000649340236002955,0.16666666666666666,0.3210073813591232,0.0006910462801100956,0.017913756224777637
587,Eyjolf Nose,1,1,-0.0,0.0,0.0004228891270002719,0.08333333333333333,-0.0,0.0,0.011666507496629897
588,Gunnar of Skal,1,1,-0.0,0.0,0.00030931921186899187,0.08333333333333333,-0.0,0.0,0.008533383039944947
589,Thorfinn,2,2,-0.0,1.3394142741379194e-06,0.0005229953514995287,0.16666666666666666,-0.0,6.385830023708321e-06,0.01442820067816006
590,Vebrand Thorfinnsson  ,3,2,1.0986122886681096,0.001362184316798264,0.0007165935428902387,0.16666666666666666,0.5087846619089057,0.006494389134111363,0.019769115369476432
591,Asbrand Thorfinnsson,3,2,1.0986122886681096,0.001362184316798264,0.0007165935428902387,0.16666666666666666,0.5087846619089057,0.006494389134111363,0.019769115369476432
592,Kolbein the Black,3,3,0.6365141682948128,0.0,0.0007969560752447719,0.25,0.2947797410028236,0.0,0.02198612693658093
593,David the White,3,3,0.6365141682948128,0.0,0.0009029387290018316,0.25,0.2947797410028236,0.0,0.024909936856547663
594,Sigtrygg Olafsson,12,4,0.8369882167858358,0.003966716795967429,0.002667553153746126,0.3333333333333333,0.3876224317637936,0.0189118331052134,0.07359146139933244
595,Olaf Kvaran,1,1,-0.0,0.0,0.0003444289984756892,0.08333333333333333,-0.0,0.0,0.009501978736783108
596,Kormlod,5,4,0.9502705392332347,0.0013370550770109482,0.0012809667967634336,0.3333333333333333,0.44008526029862655,0.00637458224761981,0.035338834184225724
597,Brian,10,4,0.3250829733914482,2.7123139051292867e-05,0.002051006021727578,0.3333333333333333,0.15055104736706273,0.0001293130579800935,0.056582389095339546
598,Ulf Hraeda,4,4,0.5623351446188083,0.0,0.0010630486174469226,0.3333333333333333,0.26042626628656707,0.0,0.029326988737448895
599,Kerthjalfad,8,4,1.2130075659799042,0.00293045465010894,0.0018115608610480888,0.3333333333333333,0.5617629173784656,0.013971319888931107,0.04997666531635667
600,Kylfir,1,1,-0.0,0.0,0.0003724441147553185,0.08333333333333333,-0.0,0.0,0.010274849314973793
601,Dungad,4,4,0.5623351446188083,0.0,0.0007027972726596528,0.3333333333333333,0.26042626628656707,0.0,0.0193885090124098
602,Margad,4,4,0.5623351446188083,0.0,0.0007027972726596528,0.3333333333333333,0.26042626628656707,0.0,0.0193885090124098
603,Tadk,4,4,0.5623351446188083,0.0,0.000942964835851166,0.3333333333333333,0.26042626628656707,0.0,0.026014162162435864
604,Skeggi of Freswick  ,3,3,0.6365141682948128,0.0,0.0006635364455587832,0.25,0.2947797410028236,0.0,0.01830539595877035
605,Ospak,4,4,0.5623351446188083,0.0,0.0015478236373508369,0.3333333333333333,0.26042626628656707,0.0,0.042700781163860196
606,Brodir,11,4,0.6001660731596457,0.0014144366956368728,0.003531862897499417,0.3333333333333333,0.27794636540241147,0.00674350907858301,0.09743571621958358
607,Hrafn the Red,3,3,0.6365141682948128,0.0,0.0008725590146459874,0.25,0.2947797410028236,0.0,0.024071832628633327
608,Erling of Stroma,1,1,-0.0,0.0,0.0003322286298805344,0.08333333333333333,-0.0,0.0,0.009165399518758121
609,Amundi the White,1,1,-0.0,0.0,0.0003635735116987038,0.08333333333333333,-0.0,0.0,0.010030130426612407
616,"Melkolf, earl in Scotland ",1,1,-0.0,0.0,0.00030931921186899187,0.08333333333333333,-0.0,0.0,0.008533383039944947
617,Thorgerd Karadottir,2,2,0.6931471805599453,0.0,0.00044058404104969115,0.16666666666666666,0.3210073813591232,0.0,0.012154668185163368
618,Ragnheid Karadottir,2,2,0.6931471805599453,0.0,0.00044058404104969115,0.16666666666666666,0.3210073813591232,0.0,0.012154668185163368
619,Valgerd Karadottir,2,2,0.6931471805599453,0.0,0.00044058404104969115,0.16666666666666666,0.3210073813591232,0.0,0.012154668185163368
620,Starkad Karason,2,2,0.6931471805599453,0.0,0.00044042827263519174,0.16666666666666666,0.3210073813591232,0.0,0.012150370904246297
621,Thord Karason (the younger),2,2,0.6931471805599453,0.0,0.00044042827263519174,0.16666666666666666,0.3210073813591232,0.0,0.012150370904246297
622,Flosi Karason,3,2,1.0986122886681096,0.0027283868764189415,0.0008247139011136005,0.16666666666666666,0.5087846619089057,0.01300793575829385,0.022751899482888624
623,Kolbein Flosason,1,1,-0.0,0.0,0.0004521356267324914,0.08333333333333333,-0.0,0.0,0.012473349022200507
625,Thorvald's household,1,1,-0.0,0.0,0.00030372053533986337,0.08333333333333333,-0.0,0.0,0.008378928840184352
626,Thorvald's companions,1,1,-0.0,0.0,0.0004594911306707941,0.08333333333333333,-0.0,0.0,0.012676269921222921
627,One of Hoskuld's servants,1,1,-0.0,0.0,0.0003105306478986509,0.08333333333333333,-0.0,0.0,0.008566803685261503
628,Gunnar's two companions,1,1,-0.0,0.0,0.0007621164961643241,0.08333333333333333,-0.0,0.0,0.02102498562418863
629,Some men,2,1,0.6931471805599453,0.002728386876418942,0.0009593156959192221,0.08333333333333333,0.3210073813591232,0.013007935758293851,0.0264652435910681
630,A farmer at Hrutsstadir,1,1,-0.0,0.0,0.000404591519229474,0.08333333333333333,-0.0,0.0,0.011161719918517797
631,Gunnar's neighbours,1,1,-0.0,0.0,0.0003115296658192229,0.08333333333333333,-0.0,0.0,0.00859436421901723
632,A man on Vandil's ship,1,1,-0.0,0.0,0.0003115296658192229,0.08333333333333333,-0.0,0.0,0.00859436421901723
633,A Viking,1,1,-0.0,0.0,0.0003115296658192229,0.08333333333333333,-0.0,0.0,0.00859436421901723
634,Poor men from the east,1,1,-0.0,0.0,0.00038897325827075497,0.08333333333333333,-0.0,0.0,0.01073084916085204
635,A messenger from Hlidarendi,1,1,-0.0,0.0,0.000404591519229474,0.08333333333333333,-0.0,0.0,0.011161719918517797
636,Men from Mork,1,1,-0.0,0.0,0.0004174155833490783,0.08333333333333333,-0.0,0.0,0.01151550541603079
637,Hallgerd's workmen,1,1,-0.0,0.0,0.0004174155833490783,0.08333333333333333,-0.0,0.0,0.01151550541603079
638,A messenger from Hallgerd,1,1,-0.0,0.0,0.000404591519229474,0.08333333333333333,-0.0,0.0,0.011161719918517797
639,A messenger from Hallgerd - 2,1,1,-0.0,0.0,0.00038335427485930614,0.08333333333333333,-0.0,0.0,0.010575834742396527
640,A messenger from Hallgerd - 3,1,1,-0.0,0.0,0.000404591519229474,0.08333333333333333,-0.0,0.0,0.011161719918517797
641,A shepherd,1,1,-0.0,0.0,0.00038897325827075497,0.08333333333333333,-0.0,0.0,0.01073084916085204
642,Some people from Thorolfsfell,1,1,-0.0,0.0,0.00038897325827075497,0.08333333333333333,-0.0,0.0,0.01073084916085204
644,A messenger from Hallgerd - 5,1,1,-0.0,0.0,0.0003115296658192229,0.08333333333333333,-0.0,0.0,0.00859436421901723
645,Itinerant women from Bergthorshvol,2,2,-0.0,0.0,0.0005538597207210893,0.16666666666666666,-0.0,0.0,0.015279675383731903
646,One of Hallgerd's shepherds,2,2,0.6931471805599453,0.0,0.00046897839260060935,0.16666666666666666,0.3210073813591232,0.0,0.01293800096456235
647,Some men at Markarfljot,3,3,-0.0,0.0,0.0006955677015871242,0.25,-0.0,0.0,0.019189062302314985
648,Men from Sida,1,1,-0.0,0.0,0.0003115296658192229,0.08333333333333333,-0.0,0.0,0.00859436421901723
649,A messenger from Kirkjubaer,1,1,-0.0,0.0,0.0004128566032062549,0.08333333333333333,-0.0,0.0,0.011389733972365363
650,Women spying for Mord Valgardsson,1,1,-0.0,0.0,0.0003977076264228152,0.08333333333333333,-0.0,0.0,0.010971809651482652
652,Gunnar's shepherd,1,1,-0.0,0.0,0.000404591519229474,0.08333333333333333,-0.0,0.0,0.011161719918517797
653,A woman at Hof,1,1,-0.0,0.0,0.00048732753342973687,0.08333333333333333,-0.0,0.0,0.013444210217465643
654,A panel of nine neighbours,2,2,0.6931471805599453,0.0,0.00042452604483572774,0.16666666666666666,0.3210073813591232,0.0,0.011711666175298644
655,The men from Fljotshlid,1,1,-0.0,0.0,0.0003115296658192229,0.08333333333333333,-0.0,0.0,0.00859436421901723
656,The men from the Ranga district,1,1,-0.0,0.0,0.0003115296658192229,0.08333333333333333,-0.0,0.0,0.00859436421901723
657,Farmers in Fljotshlid,3,3,-0.0,1.6503497306342221e-06,0.0005246004468433109,0.25,-0.0,7.868254850640611e-06,0.014472481449798413
658,Gunnar's neighbours,1,1,-0.0,0.0,0.0003115296658192229,0.08333333333333333,-0.0,0.0,0.00859436421901723
659,The shepherd of Skarphedin and Thorhild,3,3,0.6365141682948128,0.00021855382012601107,0.0008889697117559521,0.25,0.2947797410028236,0.0010419834798722771,0.024524564819258323
660,Neighbours at the Ranga river,2,2,0.6931471805599453,0.0,0.00042452604483572774,0.16666666666666666,0.3210073813591232,0.0,0.011711666175298644
661,A shepherd and a servant woman,2,2,0.6931471805599453,1.216177504638572e-05,0.0005580614811319987,0.16666666666666666,0.3210073813591232,5.798282856346478e-05,0.015395591982677436
662,A wise man,1,1,-0.0,0.0,0.00041773177976894415,0.08333333333333333,-0.0,0.0,0.01152422852491973
663,A group of merchants,3,3,1.0986122886681096,1.1289348882019608e-05,0.0005621451101028353,0.25,0.5087846619089057,5.3823424485541575e-05,0.015508249615517661
665,Tofi's wife,1,1,-0.0,0.0,0.0005443297260010827,0.08333333333333333,-0.0,0.0,0.015016765444116148
666,Four of Hakon's men,1,1,-0.0,0.0,0.0004210637544297193,0.08333333333333333,-0.0,0.0,0.011616149799023543
667,Some poor women at the Markarfljot,10,9,0.9433483923290392,0.0002557272060515843,0.0019725120002557447,0.75,0.4368795049938096,0.001219212383961124,0.054416925309506196
668,A woman at Samsstadir,1,1,-0.0,0.0,0.00038080358745885834,0.08333333333333333,-0.0,0.0,0.010505467329807873
669,Hrodny's shepherd,1,1,-0.0,0.0,0.0006046991931700509,0.08333333333333333,-0.0,0.0,0.016682215786361216
670,The heathens at Kerlingardal,3,3,1.0986122886681096,0.0001632443555604511,0.0007345034247033487,0.25,0.5087846619089057,0.0007782884855470071,0.020263206508490915
671,A man on the road from Haukadal,2,2,0.6931471805599453,0.0,0.0009047470582971153,0.16666666666666666,0.3210073813591232,0.0,0.024959824370633096
672,Kinsmen of Thorvald,1,1,-0.0,0.0,0.0003798176603249792,0.08333333333333333,-0.0,0.0,0.010478267939792523
673,The men from East Fjords,5,4,0.9502705392332347,0.002267137796526642,0.0008414789737384739,0.3333333333333333,0.44008526029862655,0.010808871376454367,0.023214408053035672
674,200 heathens at Hagi on Bardastrond,1,1,-0.0,0.0,0.0003798176603249792,0.08333333333333333,-0.0,0.0,0.010478267939792523
675,Lyting's kinsmen,3,3,1.0986122886681096,0.0,0.00045765102099407985,0.25,0.5087846619089057,0.0,0.01262550566182877
676,Mord's shepherd,1,1,-0.0,0.0,0.0004806859339413714,0.08333333333333333,-0.0,0.0,0.013260984248119358
677,Nine neighbours at Ossabaer,1,1,-0.0,0.0,0.0003977076264228152,0.08333333333333333,-0.0,0.0,0.010971809651482652
678,A trouble-maker ,1,1,-0.0,0.0,0.0003887153603168641,0.08333333333333333,-0.0,0.0,0.010723734368296895
679,Grim Njalsson's children,1,1,-0.0,0.0,0.00029726627283455716,0.08333333333333333,-0.0,0.0,0.008200871053649387
680,Helgi Njalsson's children,1,1,-0.0,0.0,0.0002982141622426082,0.08333333333333333,-0.0,0.0,0.008227021073072792
681,Poor women at Holar,2,2,-0.0,0.0,0.0005355574329274154,0.16666666666666666,-0.0,0.0,0.014774758694894363
682,Household at Bergthorshvol,4,4,0.5623351446188083,3.091247954667122e-05,0.0005557905693264201,0.3333333333333333,0.26042626628656707,0.00014737922673211412,0.015332942914842806
683,"Women, children, and servants at Bergthorshvol",1,1,-0.0,0.0,0.0002985196154167185,0.08333333333333333,-0.0,0.0,0.008235447801305093
684,Njal's foreman,2,2,-0.0,0.0,0.0004607324943316357,0.16666666666666666,-0.0,0.0,0.012710516198865436
685,Some of Kari's friends/allies,1,1,-0.0,0.0,0.00040930157163598306,0.08333333333333333,-0.0,0.0,0.011291659087443326
686,Nine of Mord's neighbours,2,2,-0.0,0.0,0.0004102983767115436,0.16666666666666666,-0.0,0.0,0.011319158574056274
687,Asgrim's men,1,1,-0.0,0.0,0.00040811298911833197,0.08333333333333333,-0.0,0.0,0.011258868916291607
688,Men from Ljosavatn,1,1,-0.0,0.0,0.0005250997842959219,0.08333333333333333,-0.0,0.0,0.014486256985186512
689,A messsenger,3,3,-0.0,3.945183862006237e-06,0.0016920015857243358,0.25,-0.0,1.880917206983179e-05,0.046678308624733086
690,A messenger (2),3,3,1.0986122886681096,0.00015115702313044275,0.0006353667911581829,0.25,0.5087846619089057,0.0007206605717428404,0.017528262040541552
691,Nine men who lived near Thingvellir,2,2,-0.0,0.0,0.0004102983767115436,0.16666666666666666,-0.0,0.0,0.011319158574056274
693,One of Flosi's men,2,2,-0.0,0.0,0.00041152986916464195,0.16666666666666666,-0.0,0.0,0.011353132528501564
694,The men from Oxarfjord,3,3,-0.0,0.00015540230049961614,0.0005110902276613931,0.25,-0.0,0.0007409004782500974,0.01409976656236444
695,The men from Reykjadal,3,3,-0.0,0.00015540230049961614,0.0005110902276613931,0.25,-0.0,0.0007409004782500974,0.01409976656236444
696,A man protecting Bjarni,2,2,0.6931471805599453,0.0,0.0004471524023248393,0.16666666666666666,0.3210073813591232,0.0,0.01233587368600151
697,Some women at Seljalandsmuli,1,1,-0.0,0.0,0.000400170611329012,0.08333333333333333,-0.0,0.0,0.01103975756037323
698,A man with peat baskets,1,1,-0.0,0.0,0.00040930157163598306,0.08333333333333333,-0.0,0.0,0.011291659087443326
699,A man with the Sigfussons,1,1,-0.0,0.0,0.00031388469202247747,0.08333333333333333,-0.0,0.0,0.008659333803479996
700,People at Myrdal,1,1,-0.0,0.0,0.00047282715208346604,0.08333333333333333,-0.0,0.0,0.013044179105575288
701,One of the Sigfussons' men,7,7,0.410116318288409,5.909778405702464e-06,0.0009083021693942181,0.5833333333333334,0.18993132927418924,2.8175629530966107e-05,0.025057901449511682
702,The household at Skal,2,2,0.6931471805599453,0.0,0.00040349086761756747,0.16666666666666666,0.3210073813591232,0.0,0.01113135555239524
703,A man on an apple-grey horse,2,2,-0.0,0.0,0.00047464829799179523,0.16666666666666666,-0.0,0.0,0.01309442019960078
704,Sigurd's banner-bearer,2,2,0.6931471805599453,0.0,0.00048620493222688115,0.16666666666666666,0.3210073813591232,0.0,0.01341324031421525
705,Sigurd's second banner-bearer,2,2,0.6931471805599453,0.0,0.00048620493222688115,0.16666666666666666,0.3210073813591232,0.0,0.01341324031421525
706,Men from the Hebrides,1,1,-0.0,0.0,0.000400170611329012,0.08333333333333333,-0.0,0.0,0.01103975756037323
707,A wealthy woman in Wales,1,1,-0.0,0.0,0.0003537119358655122,0.08333333333333333,-0.0,0.0,0.009758072950926965
