Source,Target,Action_code,Rel_code,Chapter,Page
3,1,1,1,1,3
1,2,1,1,1,3
17,4,1,1,1,3
4,5,1,1,1,3
4,6,1,1,1,3
17,6,1,1,1,3
6,7,1,1,1,3
7,8,1,1,1,3
8,9,1,1,1,3
9,10,1,1,1,3
9,11,1,1,1,3
11,12,1,1,1,3
12,13,1,1,1,3
7,14,1,1,1,3
14,15,1,1,1,3
15,16,1,1,1,3
19,17,1,1,1,3
17,18,1,1,1,3
19,20,1,1,1,4
21,20,1,1,1,4
19,22,1,1,1,4
23,22,1,1,1,4
19,24,1,1,1,4
4,17,7,1,2,4
4,1,12,3,2,5
17,1,12,3,2,5
17,3,13,2,2,5
27,18,1,1,2,5
17,25,7,3,2,5
25,26,1,1,2,5
17,4,4,1,2,6
17,4,8,1,2,6
28,17,1,1,2,6
27,17,7,1,2,6
28,17,9,1,2,6
29,30,1,1,3,6
30,31,1,1,3,6
29,32,1,1,3,6
32,33,1,1,3,6
27,17,12,1,3,7
32,17,18,3,3,7
32,17,4,3,3,7
32,17,8,3,3,7
35,17,12,6,3,7
32,27,18,3,3,7
32,27,8,3,3,7
35,27,12,6,3,7
32,35,12,6,3,7
35,17,7,3,3,8
17,29,12,3,3,8
17,29,4,3,3,8
17,29,3,3,3,8
29,32,12,1,3,8
17,32,3,3,3,9
17,32,8,3,3,9
32,17,4,3,4,9
17,29,12,3,4,9
17,32,12,3,4,9
29,17,4,3,4,10
17,36,12,3,5,10
17,37,12,5,5,10
37,38,1,1,5,10
39,40,2,7,5,10
41,17,5,5,5,11
37,17,5,5,5,11
34,35,12,5,5,11
37,36,6,5,5,11
17,37,6,5,5,11
17,41,6,5,5,11
32,17,7,3,5,12
17,29,8,3,5,12
42,32,1,1,5,12
35,32,7,3,5,12
17,32,8,3,5,12
42,34,6,5,5,12
17,29,12,3,6,12
17,32,12,3,6,12
17,3,2,2,6,13
17,4,12,1,6,13
29,17,8,3,6,13
32,17,8,3,6,13
32,17,17,3,6,13
3,1,12,1,6,14
17,3,12,2,6,14
1,4,12,3,6,14
1,17,12,2,6,14
3,1,12,1,7,15
43,27,1,1,7,15
3,43,12,2,7,15
3,1,7,1,7,16
3,1,4,1,7,16
17,1,20,2,8,17
1,17,14,2,8,17
1,44,4,3,8,17
1,44,12,3,8,17
19,45,2,7,9,18
46,4,12,3,9,19
47,4,12,3,9,19
46,19,13,6,9,19
46,47,1,1,9,19
46,47,12,1,9,19
19,4,12,1,10,19
19,4,7,1,10,19
4,17,12,1,10,20
4,17,18,1,10,20
48,19,1,1,10,20
19,25,12,7,10,20
19,25,4,7,10,20
25,48,3,3,10,20
19,48,18,22,10,20
25,19,2,2,10,21
25,19,12,22,10,21
25,48,12,22,10,21
46,19,12,22,11,21
46,19,5,22,11,21
46,47,12,22,11,21
46,25,5,5,11,22
19,25,12,22,11,22
19,25,4,22,11,22
25,46,15,5,11,22
25,46,17,5,11,22
25,46,6,5,11,22
19,4,12,22,12,23
49,19,1,6,12,23
25,19,7,22,12,23
19,25,12,22,12,23
19,25,4,22,12,23
48,25,4,22,12,23
48,25,12,22,12,23
19,625,8,3,12,23
48,25,12,3,12,24
48,25,7,3,12,24
48,25,4,3,12,24
626,47,12,3,12,24
626,47,7,3,12,24
47,4,12,22,12,25
47,4,14,22,12,25
47,17,12,22,12,25
17,47,8,3,12,26
50,51,1,1,13,26
50,52,1,1,13,26
50,52,12,1,13,26
50,53,1,1,13,26
51,53,1,1,13,26
52,53,1,1,13,26
17,4,12,22,13,27
17,50,12,22,13,27
4,50,12,22,13,27
17,52,12,22,13,27
4,52,12,22,13,27
19,4,12,22,13,28
19,17,12,22,13,28
17,50,7,3,13,28
19,50,12,22,13,28
17,52,7,3,13,28
19,52,12,22,13,28
19,52,13,22,13,28
56,52,1,1,14,29
19,52,2,2,14,29
52,55,1,1,14,29
57,55,1,6,14,29
25,19,12,3,15,30
25,19,4,22,15,30
19,52,12,22,15,30
19,52,4,22,15,30
25,627,5,5,15,30
52,19,12,22,16,31
52,19,5,22,16,31
52,25,12,22,16,31
52,25,4,22,16,31
19,25,12,22,16,31
25,19,12,22,17,32
25,19,7,22,17,32
25,19,4,22,17,32
52,25,15,22,17,32
52,25,5,22,17,32
25,52,15,22,17,32
25,52,17,22,17,32
25,52,6,22,17,32
17,4,12,22,17,33
17,4,7,22,17,33
50,4,12,22,17,33
25,17,12,22,17,33
25,17,7,22,17,33
25,17,5,22,17,33
50,17,12,22,17,33
17,25,5,22,17,33
17,25,6,22,17,33
4,50,8,3,17,34
17,50,8,3,17,34
3,1,9,1,18,34
60,2,1,1,19,34
64,54,1,1,19,34
58,59,1,1,19,34
59,60,1,1,19,34
58,61,1,1,19,34
61,62,1,1,19,34
61,63,1,1,19,34
63,64,1,1,19,34
65,64,1,1,19,34
66,58,1,1,19,35
67,58,1,1,19,35
68,58,1,1,19,35
69,58,1,1,19,35
73,69,1,1,19,35
73,70,1,1,19,35
69,70,2,2,19,35
70,71,1,1,19,35
71,72,1,1,19,35
74,75,1,1,20,35
75,76,1,1,20,35
74,77,1,1,20,35
79,77,1,1,20,35
77,78,1,1,20,35
80,79,1,1,20,35
81,79,1,1,20,35
82,79,1,1,20,35
74,83,2,2,20,35
83,84,1,1,20,35
58,3,4,22,21,36
3,58,12,22,21,36
58,74,4,3,21,36
58,74,12,22,21,36
629,58,15,5,23,39
628,629,12,22,23,39
628,629,16,22,23,39
58,17,12,22,23,40
58,17,14,22,23,40
630,58,14,6,23,40
58,630,5,5,23,40
17,4,7,22,23,41
4,17,12,22,23,41
4,17,7,22,23,41
58,74,12,22,23,41
58,17,14,22,24,41
58,631,14,4,24,41
17,4,12,22,24,42
58,17,20,5,24,42
58,17,12,22,24,42
17,58,12,22,24,42
17,58,14,22,24,42
58,74,12,3,24,42
58,3,12,3,24,43
103,3,1,1,25,43
85,44,1,1,25,43
103,58,,5,25,43
104,74,1,1,25,43
103,85,1,1,25,43
3,85,2,2,25,43
44,86,1,1,25,43
86,87,1,1,25,43
87,88,1,1,25,43
88,89,1,1,25,43
89,90,1,1,25,43
90,91,1,1,25,43
91,92,1,1,25,43
92,93,1,1,25,43
92,94,1,1,25,43
94,95,1,1,25,43
95,96,1,1,25,43
85,97,1,1,25,43
98,97,1,1,25,43
99,98,1,1,25,43
100,99,1,1,25,43
101,100,1,1,25,43
85,102,1,6,25,43
105,74,1,1,25,44
106,74,1,1,25,44
107,74,1,1,25,44
104,83,1,1,25,44
105,83,1,1,25,44
106,83,1,1,25,44
107,108,1,1,25,44
108,109,1,1,25,44
110,109,1,1,25,44
108,110,1,1,25,44
104,111,2,2,25,44
111,112,1,1,25,44
105,113,2,2,25,44
123,16,1,1,26,44
127,114,1,1,26,44
129,114,2,7,26,44
114,115,1,1,26,44
115,116,1,1,26,44
116,117,1,1,26,44
114,118,1,1,26,44
118,119,1,1,26,44
119,120,1,1,26,44
119,121,1,1,26,44
121,122,1,1,26,44
122,123,1,1,26,44
118,124,1,1,26,44
124,125,1,1,26,44
125,126,1,1,26,44
128,127,1,1,26,44
100,128,1,1,26,44
116,129,6,5,26,44
116,129,2,7,26,44
74,106,12,22,26,45
130,114,1,1,26,45
131,114,1,1,26,45
132,114,1,1,26,45
133,114,1,1,26,45
130,74,2,7,27,45
133,106,2,2,27,45
133,106,13,3,27,45
74,116,12,3,27,45
106,116,12,3,27,45
134,58,12,3,28,45
58,74,12,3,28,45
134,58,7,22,28,46
58,74,4,3,28,46
58,134,12,3,28,46
58,134,4,22,28,46
141,31,1,1,29,46
134,58,12,22,29,46
135,136,1,1,29,46
136,137,1,1,29,46
137,138,1,1,29,46
135,139,1,1,29,46
139,140,1,1,29,46
139,141,1,1,29,46
134,142,1,6,29,46
142,58,8,3,29,47
142,58,4,22,29,47
142,134,7,22,29,47
134,142,12,1,29,47
58,142,12,3,29,47
143,144,1,1,29,47
143,145,1,1,29,47
144,145,1,1,29,47
142,58,8,3,30,48
144,58,5,5,30,48
143,58,5,5,30,48
58,66,12,1,30,48
58,143,6,5,30,48
66,144,6,5,30,48
58,632,6,5,30,48
58,633,6,4,30,48
146,58,7,3,30,49
146,58,4,3,30,49
147,58,5,5,30,49
58,146,8,3,30,49
58,146,12,22,30,49
58,147,6,5,30,49
147,148,1,1,30,49
66,148,5,5,30,49
146,58,12,3,30,50
146,58,4,3,30,50
58,148,6,5,30,50
149,58,18,3,31,50
149,58,8,3,31,51
135,58,18,3,31,51
135,58,8,3,31,51
58,134,12,3,31,51
150,135,1,6,31,51
58,142,8,3,31,51
58,149,8,3,31,51
135,58,7,3,32,51
135,58,4,3,32,51
58,135,12,3,32,51
74,58,7,3,32,52
58,66,12,22,32,52
58,74,12,3,32,52
58,74,8,3,32,52
58,4,12,22,33,53
58,17,12,22,33,53
58,19,12,22,33,53
58,19,7,22,33,53
58,19,13,22,33,53
74,58,7,22,33,54
58,74,12,22,33,54
58,74,18,22,33,54
151,60,1,1,34,54
58,151,18,22,34,54
151,152,2,2,34,54
153,60,1,1,34,55
155,60,1,1,34,55
156,60,1,1,34,55
157,60,1,1,34,55
158,60,1,1,34,55
159,60,1,1,34,55
154,74,1,1,34,55
161,74,1,1,34,55
154,83,1,1,34,55
161,83,1,1,34,55
58,85,18,22,34,55
160,97,1,1,34,55
58,97,18,22,34,55
58,103,18,22,34,55
58,153,18,22,34,55
153,154,2,2,34,55
58,155,18,22,34,55
58,156,18,22,34,55
58,157,18,22,34,55
58,158,18,22,34,55
58,159,18,22,34,55
58,160,18,22,34,55
151,4,12,22,34,56
74,4,12,22,34,56
4,17,12,22,34,56
58,19,12,22,34,56
151,19,12,22,34,56
58,56,12,22,34,56
151,56,12,22,34,56
151,56,13,22,34,56
4,58,12,22,34,56
58,74,12,22,34,56
152,151,12,22,34,56
152,151,15,22,34,56
151,152,15,22,34,56
151,56,2,2,34,57
83,19,12,22,35,57
83,19,15,22,35,57
74,58,18,22,35,57
19,58,12,22,35,57
19,74,15,22,35,57
19,83,15,22,35,57
19,83,17,22,35,57
19,83,17,22,35,57
58,19,12,22,36,58
634,19,12,22,36,58
634,19,7,22,36,58
59,19,12,22,36,58
19,58,15,22,36,58
19,163,12,22,36,58
83,164,12,22,36,58
19,164,17,22,36,58
163,19,12,22,36,59
163,19,7,22,36,59
635,58,12,22,36,59
635,58,7,22,36,59
58,74,12,22,36,59
58,74,7,22,36,59
19,163,15,22,36,59
163,164,6,5,36,59
58,19,12,22,36,60
83,74,12,22,36,60
83,165,12,22,36,60
83,74,7,22,36,61
104,74,12,22,36,61
104,74,7,22,36,61
165,83,3,3,36,61
74,83,12,22,36,61
165,83,12,22,37,61
636,165,12,22,37,61
636,165,7,22,37,61
638,58,12,22,37,62
638,58,7,22,37,62
58,74,7,22,37,62
165,83,12,22,37,62
165,83,7,22,37,62
165,163,12,5,37,62
165,163,6,5,37,62
163,165,15,5,37,62
19,165,17,5,37,62
165,637,12,22,37,62
165,637,7,22,37,62
58,19,12,22,37,63
74,58,12,3,37,63
104,74,12,22,37,63
74,83,12,22,37,63
165,74,3,3,38,63
74,165,12,22,38,63
166,19,1,6,38,64
83,165,12,22,38,64
58,166,12,22,38,64
19,166,12,22,38,64
19,166,7,22,38,64
19,166,15,22,38,64
166,19,12,22,38,65
166,19,7,22,38,65
66,58,12,1,38,65
640,58,12,6,38,65
640,58,7,6,38,65
58,74,12,3,38,65
639,83,12,6,38,65
639,83,7,6,38,65
58,104,12,3,38,65
166,165,6,5,38,65
165,166,5,5,38,65
165,166,12,5,38,65
165,166,17,5,38,65
19,58,12,22,38,66
19,58,15,22,38,66
83,74,12,2,38,66
167,19,12,6,39,66
169,74,1,6,39,66
83,167,12,6,39,66
167,168,1,1,39,66
59,19,12,2,39,67
641,19,12,6,39,67
641,19,7,22,39,67
167,166,17,5,39,67
167,166,12,5,39,67
167,166,17,5,39,67
167,166,6,5,39,67
19,167,15,5,39,67
166,167,5,5,39,67
19,167,7,6,39,67
104,58,12,22,40,67
104,74,12,22,40,67
74,58,12,22,40,68
171,2,1,1,41,68
58,170,1,1,41,68
19,170,3,3,41,68
58,170,12,22,41,68
170,171,1,1,41,68
19,58,12,22,41,69
58,66,12,22,41,69
66,74,12,3,41,69
66,74,4,3,41,69
19,151,12,2,41,69
19,151,12,22,41,69
74,167,12,22,41,69
19,170,12,22,41,69
19,172,12,22,41,69
74,83,12,22,41,70
74,167,12,22,41,70
83,167,12,22,41,70
642,19,12,6,42,70
642,19,7,22,42,70
19,151,12,22,42,70
19,151,7,22,42,70
19,151,12,22,42,70
19,151,7,22,42,70
170,151,12,22,42,70
19,170,12,22,42,70
19,170,7,22,42,70
19,170,12,22,42,70
19,170,7,22,42,70
19,172,12,22,42,70
19,172,7,22,42,70
19,172,12,22,42,70
19,172,7,22,42,70
83,19,17,5,42,71
151,19,12,22,42,71
170,19,12,22,42,71
172,19,12,22,42,71
170,167,12,5,42,71
170,167,17,5,42,71
170,167,5,5,42,71
172,167,5,5,42,71
170,167,6,5,42,71
167,170,5,5,42,71
59,170,12,6,42,71
151,170,12,22,42,71
167,172,5,5,42,71
151,172,12,22,42,71
644,58,12,6,43,71
58,74,12,3,43,71
58,74,7,3,43,72
74,104,12,22,43,72
74,104,7,22,43,72
645,19,12,6,44,73
645,19,7,6,44,73
58,170,12,22,44,73
19,74,15,5,44,74
170,74,15,5,44,74
83,74,12,22,44,74
83,74,7,22,44,74
645,83,12,6,44,74
645,83,7,22,44,74
19,104,15,5,44,74
170,104,15,5,44,74
83,104,12,22,44,74
83,104,7,22,44,74
19,105,15,5,44,74
170,105,15,5,44,74
83,105,12,22,44,74
83,105,7,22,44,74
19,106,15,5,44,74
170,106,15,5,44,74
83,106,12,22,44,74
83,106,7,22,44,74
19,107,15,5,44,74
170,107,15,5,44,74
83,107,12,22,44,74
83,107,7,22,44,74
19,170,12,22,44,74
58,170,12,22,44,74
83,74,7,22,44,75
74,83,12,22,44,75
74,83,12,22,44,75
74,104,12,22,44,75
74,105,12,22,44,75
74,106,12,22,44,75
74,107,12,22,44,75
170,104,5,5,45,76
172,105,5,5,45,76
172,106,5,5,45,76
104,107,12,22,45,76
104,170,12,5,45,76
104,170,17,5,45,76
104,170,5,5,45,76
646,19,12,6,45,77
646,19,7,6,45,77
19,58,12,22,45,77
19,58,7,22,45,77
104,74,12,22,45,77
105,74,12,22,45,77
106,74,12,22,45,77
104,74,7,22,45,77
105,74,7,22,45,77
106,74,7,22,45,77
104,170,12,5,45,77
104,170,6,5,45,77
105,172,5,5,45,77
106,172,6,5,45,77
104,646,12,6,45,77
104,647,12,6,45,77
105,647,12,6,45,77
106,647,12,6,45,77
104,647,7,6,45,77
105,647,7,6,45,77
106,647,7,6,45,77
58,74,12,3,45,78
58,74,4,22,45,78
173,119,1,1,46,78
176,120,1,1,46,78
173,124,1,1,46,78
174,173,1,1,46,78
175,176,1,1,46,78
103,58,,5,46,79
175,173,3,3,46,79
179,120,1,1,47,79
185,177,1,1,47,79
187,177,1,1,47,79
188,177,1,1,47,79
189,177,3,3,47,79
177,178,1,1,47,79
177,178,1,1,47,79
188,178,1,1,47,79
178,179,1,1,47,79
179,180,6,5,47,79
177,181,2,2,47,79
181,182,1,1,47,79
182,183,1,1,47,79
183,184,1,1,47,79
177,186,3,3,47,79
188,187,1,1,47,79
177,189,8,3,47,79
74,58,12,3,47,80
74,58,8,3,47,80
74,58,4,3,47,80
74,83,12,22,47,80
58,151,12,3,47,80
58,151,4,3,47,80
186,151,15,5,47,80
190,159,1,1,47,80
151,177,17,5,47,80
58,177,12,6,47,80
58,177,4,6,47,80
58,190,12,3,47,80
58,190,4,3,47,80
189,177,5,5,48,81
649,177,12,6,48,81
649,177,7,6,48,81
19,189,12,6,48,81
19,189,17,6,48,81
58,648,19,3,48,81
58,19,12,2,48,82
58,19,15,2,48,82
58,19,5,2,48,82
19,58,17,2,48,82
177,103,12,3,49,82
186,103,12,3,49,82
186,177,12,3,49,82
177,186,7,3,49,82
66,58,12,1,49,83
66,58,7,1,49,83
177,103,4,3,49,83
186,103,4,3,49,83
650,103,12,6,49,83
650,103,7,6,49,83
103,177,12,3,49,83
103,177,7,3,49,83
58,151,4,22,49,84
58,151,12,22,49,84
58,177,12,6,49,84
58,186,12,6,49,84
58,187,12,6,49,84
58,188,12,6,49,84
58,190,4,22,49,84
58,190,12,22,49,84
188,177,12,1,49,85
186,177,12,22,49,85
186,177,4,22,49,85
188,177,12,22,49,85
177,188,15,22,49,85
186,173,12,6,50,86
186,173,7,6,50,86
173,175,12,3,50,86
186,177,16,5,50,86
186,177,12,22,50,86
186,177,7,22,50,86
173,186,12,6,50,86
175,186,12,6,50,86
177,187,12,1,50,86
177,188,12,1,50,86
74,58,4,3,50,87
177,58,14,5,50,87
186,58,12,5,50,87
58,66,12,1,50,87
58,74,12,3,50,87
58,186,17,5,50,87
58,4,12,3,51,87
58,17,12,2,51,87
17,58,4,2,51,87
173,58,12,6,51,88
177,58,12,6,51,88
177,58,12,6,51,88
58,74,12,3,51,88
173,74,12,6,51,88
97,173,12,3,51,88
97,173,7,3,51,88
173,177,12,3,51,88
58,177,12,6,51,89
177,160,8,3,52,89
160,177,18,3,52,89
160,177,3,3,52,89
192,177,1,1,52,90
186,58,15,5,53,90
177,58,5,6,53,90
58,66,12,1,53,90
58,66,7,1,53,90
58,177,12,5,53,90
58,186,17,5,53,90
186,58,15,5,53,91
177,160,12,3,53,91
177,160,7,3,53,91
160,177,4,3,53,91
160,177,8,3,53,91
160,186,12,6,53,91
652,58,7,3,54,91
58,652,12,3,54,91
59,58,12,1,54,92
188,58,5,5,54,92
188,58,12,5,54,92
188,58,17,5,54,92
188,58,5,5,54,92
59,66,12,1,54,92
58,177,12,5,54,92
58,177,20,5,54,92
58,188,12,3,54,92
186,58,5,5,54,93
191,58,5,5,54,93
177,58,5,5,54,93
58,66,12,1,54,93
653,103,12,6,54,93
653,103,7,6,54,93
58,177,6,5,54,93
58,186,6,5,54,93
66,187,6,5,54,93
58,188,5,5,54,93
58,191,6,5,54,93
103,653,15,6,54,93
58,74,12,3,55,94
58,74,4,3,55,94
173,175,12,3,55,94
173,654,14,6,55,95
175,654,14,6,55,95
655,58,3,3,56,95
656,58,3,3,56,95
175,58,14,5,56,95
193,173,3,3,56,95
194,173,3,3,56,95
114,173,3,3,56,95
199,173,3,3,56,95
200,173,3,3,56,95
193,194,1,1,56,95
194,195,1,1,56,95
195,196,1,1,56,95
196,197,1,1,56,95
197,198,1,1,56,95
175,66,14,5,56,96
58,175,12,5,56,96
58,175,14,5,56,96
173,58,3,3,56,97
175,58,3,3,56,97
211,201,1,1,57,98
212,201,1,1,57,98
213,201,1,1,57,98
214,201,1,1,57,98
201,202,1,1,57,98
202,203,1,1,57,98
211,204,1,1,57,98
212,204,1,1,57,98
213,204,1,1,57,98
214,204,1,1,57,98
201,204,2,2,57,98
204,205,1,1,57,98
204,206,1,1,57,98
206,207,1,1,57,98
206,208,1,1,57,98
208,209,1,1,57,98
208,210,1,1,57,98
224,201,1,1,58,98
221,215,1,1,58,98
222,215,1,1,58,98
223,215,1,1,58,98
225,215,1,1,58,98
215,216,1,1,58,98
216,217,1,1,58,98
215,218,1,1,58,98
219,218,1,1,58,98
221,224,1,1,58,98
222,224,1,1,58,98
223,224,1,1,58,98
225,224,1,1,58,98
221,657,12,6,58,98
222,657,12,6,58,98
223,657,12,6,58,98
221,58,20,6,58,99
222,58,20,6,58,99
223,58,20,6,58,99
214,221,12,3,58,99
214,221,7,3,58,99
201,221,12,3,58,99
201,221,7,3,58,99
58,221,12,6,58,99
214,222,12,3,58,99
214,222,7,3,58,99
201,222,12,3,58,99
201,222,7,3,58,99
58,222,12,6,58,99
214,223,12,3,58,99
214,223,7,3,58,99
201,223,12,3,58,99
201,223,7,3,58,99
58,223,12,6,58,99
58,74,12,3,58,100
201,221,12,3,58,100
214,221,12,3,58,100
201,222,12,3,58,100
214,222,12,3,58,100
201,223,12,3,58,100
214,223,12,3,58,100
229,19,1,1,59,100
230,19,1,1,59,100
228,56,1,1,59,100
229,58,1,1,59,100
230,58,1,1,59,100
104,58,12,3,59,100
228,151,1,1,59,100
104,58,4,3,59,101
211,58,5,5,59,101
221,58,5,5,59,101
211,58,17,5,59,101
58,66,12,1,59,101
58,66,4,1,59,101
58,211,5,5,59,101
58,221,5,5,59,101
58,22,12,2,59,102
22,58,18,2,59,102
22,58,3,3,59,102
114,58,18,3,60,102
114,58,3,3,60,102
74,58,12,3,60,102
74,58,4,3,60,102
58,114,12,3,60,102
58,231,20,5,60,102
114,231,14,6,60,102
58,66,12,2,60,103
114,58,8,3,61,103
114,58,4,3,61,103
114,66,8,3,61,103
114,66,4,3,61,103
114,67,8,3,61,103
114,67,4,3,61,103
232,201,12,3,61,103
232,201,7,3,61,103
232,211,12,3,61,103
232,211,7,3,61,103
211,214,12,2,61,103
232,214,12,3,61,103
232,214,7,3,61,103
232,215,12,6,61,104
232,215,7,6,61,104
232,221,12,6,61,104
232,221,7,6,61,104
232,222,12,6,61,104
232,222,7,6,61,104
232,223,12,6,61,104
232,223,7,6,61,104
215,224,2,2,61,104
224,226,12,2,61,104
225,226,2,2,61,104
215,226,12,3,61,104
215,226,4,3,61,104
215,227,12,3,61,104
215,227,4,3,61,104
226,227,12,3,61,104
66,67,12,1,62,104
58,66,12,1,62,105
58,66,12,1,62,105
58,67,12,1,62,105
58,232,6,5,63,105
211,58,17,5,63,106
212,58,5,5,63,106
221,66,5,5,63,106
58,212,5,5,63,106
58,213,6,5,63,106
66,221,6,5,63,106
58,233,5,5,63,106
66,233,6,5,63,106
215,58,5,5,63,107
226,67,6,5,63,107
214,201,12,1,63,107
58,201,12,5,63,107
58,201,5,5,63,107
58,211,5,5,63,107
58,212,6,5,63,107
58,215,6,5,63,107
58,222,5,5,63,107
66,223,6,5,63,107
201,226,15,5,63,107
58,226,6,5,63,107
74,58,7,3,64,108
58,74,12,3,64,108
58,74,4,3,64,108
234,74,1,6,64,108
227,225,13,2,64,108
227,225,2,2,64,108
224,227,12,3,64,108
224,227,4,3,64,108
236,173,1,1,65,108
211,58,14,5,65,109
218,58,14,5,65,109
211,85,12,3,65,109
211,85,7,3,65,109
211,85,4,3,65,109
211,103,12,3,65,109
211,103,7,3,65,109
211,103,4,3,65,109
211,173,12,3,65,109
85,173,12,3,65,109
103,173,12,3,65,109
103,211,12,3,65,109
211,218,12,3,65,109
103,236,13,2,65,109
103,236,2,2,65,109
58,20,4,2,65,110
58,22,4,2,65,110
58,24,4,2,65,110
58,74,12,3,65,110
58,74,4,3,65,110
58,211,14,5,65,110
58,218,14,5,65,110
58,221,14,5,65,110
58,658,14,4,65,110
58,20,12,2,66,110
58,20,7,2,66,110
58,20,4,2,66,110
58,22,12,2,66,110
58,22,7,2,66,110
58,22,4,2,66,110
58,24,12,2,66,110
58,24,7,2,66,110
58,24,4,2,66,110
237,58,12,6,66,111
74,103,12,6,66,111
237,58,3,3,66,112
74,58,4,3,66,112
114,58,4,3,66,112
237,58,4,3,66,112
211,103,12,3,67,112
211,201,12,1,67,113
211,185,12,3,68,113
211,185,8,3,68,113
211,185,3,3,68,113
66,58,12,1,68,114
66,58,7,1,68,114
211,58,14,5,68,114
211,185,12,3,68,114
659,58,12,3,69,115
659,74,7,3,69,115
74,111,12,3,69,115
659,111,7,3,69,115
74,659,12,3,69,115
111,659,12,3,69,115
659,58,7,3,69,116
74,58,12,3,69,116
74,58,4,3,69,116
74,185,12,3,69,116
74,185,4,3,69,116
74,211,12,3,69,116
74,211,4,3,69,116
211,58,3,3,70,116
185,58,3,3,70,116
211,74,4,3,70,116
185,74,4,3,70,116
211,103,12,3,70,116
185,103,12,3,70,116
74,185,12,3,70,116
74,211,12,3,70,116
58,22,12,2,70,117
22,58,8,3,70,117
239,58,1,6,71,118
211,103,12,3,71,118
185,103,12,3,71,118
211,103,4,3,71,118
185,103,4,3,71,118
103,211,7,3,71,118
185,239,3,3,71,118
241,58,5,5,72,119
185,58,5,5,72,119
58,66,12,1,72,119
211,185,15,3,72,119
240,185,1,6,72,119
58,240,6,5,72,119
66,241,6,5,72,119
58,19,12,2,72,120
58,19,7,2,72,120
66,58,12,1,72,120
58,59,12,1,72,120
58,59,7,1,72,120
58,185,6,5,72,120
74,58,12,3,73,120
173,660,14,6,73,120
175,660,14,6,73,120
173,58,14,5,73,121
58,74,4,3,74,0
74,58,12,3,74,122
58,59,12,1,74,122
151,56,12,2,75,123
58,66,12,1,75,123
105,74,12,1,75,123
106,74,12,1,75,123
245,246,1,1,75,123
247,20,1,1,75,124
248,20,1,1,75,124
173,58,14,5,75,124
175,58,14,5,75,124
173,58,5,5,75,124
175,58,5,5,75,124
201,58,5,5,75,124
211,58,5,5,75,124
103,58,5,5,75,124
85,58,5,5,75,124
237,58,5,5,75,124
247,58,5,5,75,124
248,58,5,5,75,124
249,58,5,5,75,124
250,58,5,5,75,124
218,58,5,5,75,124
227,58,5,5,75,124
173,85,12,3,75,124
173,103,12,3,75,124
173,173,12,3,75,124
173,175,12,3,75,124
173,175,12,3,75,124
173,201,12,3,75,124
173,211,12,3,75,124
173,218,12,3,75,124
173,227,12,3,75,124
173,237,12,3,75,124
173,247,12,3,75,124
173,248,12,3,75,124
250,249,1,1,75,124
173,249,12,3,75,124
173,250,12,3,75,124
74,58,12,3,75,125
74,58,7,3,75,125
74,58,4,3,75,125
58,74,4,3,75,125
103,251,,4,76,125
227,173,12,3,77,126
58,227,6,5,77,126
247,58,5,5,77,127
248,58,5,5,77,127
58,59,12,1,77,127
103,173,12,3,77,127
58,247,6,5,77,127
58,248,6,5,77,127
58,249,5,5,77,127
58,19,12,2,77,128
58,19,4,2,77,128
59,19,15,2,77,128
173,59,12,6,77,128
211,173,12,3,77,129
253,175,1,1,77,129
211,175,12,3,77,129
253,254,1,1,77,129
254,255,1,1,77,129
59,19,14,5,78,129
229,58,9,1,78,129
230,58,9,1,78,129
661,59,12,6,78,129
661,59,7,6,78,129
151,74,12,3,78,129
153,74,12,3,78,129
155,74,12,3,78,129
156,74,12,3,78,129
157,74,12,3,78,129
158,74,12,3,78,129
159,74,12,3,78,129
104,59,12,3,78,130
661,74,12,6,78,130
661,74,7,6,78,130
74,104,12,1,78,130
59,104,18,3,78,130
229,104,18,3,78,130
104,229,12,3,78,130
104,229,12,3,78,130
104,229,3,3,78,131
104,229,4,3,78,131
59,229,12,1,79,131
104,229,12,3,79,131
253,229,5,5,79,131
229,253,6,5,79,131
104,256,6,5,79,131
104,103,12,5,79,132
229,103,12,5,79,132
104,201,6,5,79,132
229,211,6,5,79,132
229,103,3,3,80,132
259,229,1,1,80,132
259,257,1,1,80,132
229,257,2,2,80,132
257,258,1,1,80,132
229,260,1,6,80,132
66,261,3,3,81,132
662,66,7,6,81,133
66,662,12,6,81,133
151,135,3,3,82,133
151,135,12,3,82,133
262,263,1,1,82,133
262,264,6,5,82,133
265,135,1,1,82,134
265,135,12,1,82,134
151,135,4,3,82,134
135,151,12,3,82,134
265,151,3,3,82,134
265,151,4,3,82,134
266,157,1,1,82,134
135,262,14,5,82,134
135,151,3,3,82,135
135,151,8,3,82,135
262,151,5,5,82,135
151,262,6,5,82,135
244,105,12,3,83,136
267,105,12,6,83,136
244,106,12,3,83,136
267,106,12,6,83,136
663,106,12,6,83,136
105,244,3,3,83,136
106,244,3,3,83,136
106,244,3,3,83,136
267,244,12,6,83,136
105,245,3,3,83,136
267,245,12,6,83,136
267,269,1,1,83,136
268,269,1,1,83,136
269,270,1,6,83,136
244,663,12,6,83,136
245,663,12,6,83,136
271,106,12,6,84,137
271,106,7,6,84,137
268,245,6,5,84,137
105,268,5,5,84,137
106,271,4,3,84,137
271,272,1,1,84,137
106,267,6,5,84,138
271,268,6,5,84,138
268,271,5,5,84,138
267,271,5,5,84,138
271,273,3,3,85,138
271,273,12,3,85,138
105,273,12,3,85,138
106,273,12,3,85,138
244,273,12,3,85,138
105,273,3,3,85,138
106,273,3,3,85,138
244,273,3,3,85,138
273,274,1,1,85,138
274,275,1,1,85,138
275,276,1,1,85,138
276,277,1,1,85,138
277,278,1,1,85,138
273,106,12,3,85,139
283,273,,2,85,139
106,273,7,3,85,139
271,273,12,3,85,139
280,273,7,3,85,139
281,283,6,5,85,139
282,283,6,5,85,139
273,105,8,3,86,140
273,106,8,3,86,140
273,271,8,3,86,140
282,271,5,5,86,140
106,273,3,3,86,140
105,273,3,3,86,140
270,273,,5,86,140
271,282,6,5,86,140
271,284,5,5,86,140
105,284,5,5,86,140
106,284,5,5,86,140
286,285,4,6,87,140
285,286,12,6,87,140
292,135,3,3,87,141
286,285,16,6,87,141
286,287,1,1,87,141
287,288,1,1,87,141
286,289,6,5,87,141
289,290,1,1,87,141
290,291,1,1,87,141
294,286,7,3,87,142
295,286,5,5,87,142
293,292,1,1,87,142
294,292,1,1,87,142
294,292,12,1,87,142
286,292,12,6,87,142
286,292,4,6,87,142
286,292,17,6,87,142
286,294,12,3,87,142
286,294,12,3,87,142
292,295,3,3,87,142
292,295,12,3,87,142
286,295,6,5,87,142
286,292,12,6,87,143
286,292,7,6,87,143
286,294,2,2,87,143
286,296,12,6,87,143
286,296,7,6,87,143
292,135,4,3,87,144
135,286,14,5,87,144
286,296,3,3,87,144
296,665,2,2,87,144
296,665,12,2,87,144
286,135,5,5,88,144
286,292,5,5,88,144
292,135,12,3,88,145
666,135,12,3,88,145
666,135,7,3,88,145
286,293,6,5,88,145
286,293,12,5,88,145
286,105,12,6,88,146
286,105,4,6,88,146
135,105,12,6,88,146
286,106,12,6,88,146
286,106,4,6,88,146
286,106,17,6,88,146
135,106,12,6,88,146
286,151,12,6,88,146
286,151,4,6,88,146
286,151,7,6,88,146
151,286,3,3,88,146
106,286,15,6,88,146
106,286,17,6,88,146
135,105,4,6,88,147
105,106,12,1,88,147
135,106,4,6,88,147
151,135,16,3,88,147
135,151,12,3,88,147
135,151,4,3,88,147
297,135,1,1,88,148
297,135,12,1,88,148
151,135,16,3,88,148
135,151,12,3,88,148
151,135,16,3,88,149
135,151,12,3,88,149
151,286,8,3,88,149
286,19,3,3,88,150
298,151,1,6,88,150
298,299,6,5,88,150
106,105,12,1,89,150
135,105,12,5,89,150
300,105,5,5,89,150
297,105,5,5,89,150
135,106,12,5,89,150
300,106,5,5,89,150
297,106,5,5,89,150
300,135,3,3,89,150
135,297,12,1,89,150
105,300,6,5,89,150
106,301,6,5,89,150
135,105,17,5,89,151
105,106,12,1,89,151
135,106,17,5,89,151
297,135,12,1,89,151
271,135,12,6,89,151
271,135,7,6,89,151
105,271,12,3,89,151
106,271,12,3,89,151
105,271,7,3,89,151
106,271,7,3,89,151
105,271,4,3,89,151
106,271,4,3,89,151
265,105,8,3,89,152
271,106,12,3,89,152
265,106,8,3,89,152
265,135,12,1,89,152
271,135,3,3,89,152
271,265,3,3,89,152
105,265,3,3,89,152
106,265,3,3,89,152
265,271,12,3,89,152
265,271,8,3,89,152
271,279,3,3,89,152
106,279,3,3,89,152
105,279,3,3,89,152
302,284,1,1,89,152
271,284,5,5,89,152
105,284,5,5,89,152
106,284,5,5,89,152
271,302,6,5,89,152
105,302,6,5,89,152
106,302,6,5,89,152
303,273,1,1,89,153
279,273,3,3,89,153
279,303,2,2,89,153
271,74,3,3,90,153
273,105,8,3,90,153
273,106,8,3,90,153
271,161,2,2,90,153
271,161,13,3,90,153
273,271,8,3,90,153
153,105,12,2,91,153
153,105,12,2,91,153
153,106,12,2,91,153
153,106,12,2,91,153
153,151,12,1,91,153
105,153,4,2,91,153
106,153,4,2,91,153
105,74,12,1,91,154
106,74,12,1,91,154
105,74,4,1,91,154
106,74,4,1,91,154
271,105,12,2,91,154
271,105,7,2,91,154
271,106,12,2,91,154
271,106,7,2,91,154
271,151,12,6,91,154
151,190,3,3,91,154
151,230,3,3,91,154
151,266,3,3,91,154
105,271,12,2,91,154
106,271,12,2,91,154
151,286,3,3,91,154
104,19,12,5,91,155
105,19,12,5,91,155
106,19,12,5,91,155
107,19,12,5,91,155
271,19,12,5,91,155
104,19,15,5,91,155
19,104,15,5,91,155
19,104,17,5,91,155
151,105,15,5,91,155
286,105,15,5,91,155
230,105,15,5,91,155
151,106,15,5,91,155
286,106,15,5,91,155
230,106,15,5,91,155
151,106,15,5,91,155
104,151,12,5,91,155
105,151,12,5,91,155
106,151,12,5,91,155
107,151,12,5,91,155
271,151,12,5,91,155
106,151,14,5,91,155
104,190,12,5,91,155
105,190,12,5,91,155
106,190,12,5,91,155
107,190,12,5,91,155
271,190,12,5,91,155
104,230,12,5,91,155
105,230,12,5,91,155
106,230,12,5,91,155
107,230,12,5,91,155
271,230,12,5,91,155
104,266,12,5,91,155
105,266,12,5,91,155
106,266,12,5,91,155
107,266,12,5,91,155
271,266,12,5,91,155
105,271,4,2,91,155
106,271,4,2,91,155
104,286,12,5,91,155
105,286,12,5,91,155
106,286,12,5,91,155
107,286,12,5,91,155
271,286,12,5,91,155
151,304,3,3,91,155
104,304,12,5,91,155
105,304,12,5,91,155
106,304,12,5,91,155
107,304,12,5,91,155
271,304,12,5,91,155
304,305,1,1,91,155
151,305,3,3,91,155
104,305,12,5,91,155
105,305,12,5,91,155
106,305,12,5,91,155
107,305,12,5,91,155
271,305,12,5,91,155
104,74,12,1,91,156
105,74,12,1,91,156
106,74,12,1,91,156
107,74,12,1,91,156
104,74,7,1,91,156
105,74,7,1,91,156
106,74,7,1,91,156
107,74,7,1,91,156
271,74,12,2,91,156
271,74,7,2,91,156
19,74,15,5,91,156
286,74,15,5,91,156
266,74,15,5,91,156
190,74,15,5,91,156
230,74,15,5,91,156
304,74,15,5,91,156
305,74,15,5,91,156
271,83,12,2,91,156
286,104,17,5,91,156
19,104,15,5,91,156
286,104,15,5,91,156
266,104,15,5,91,156
190,104,15,5,91,156
230,104,15,5,91,156
304,104,15,5,91,156
305,104,15,5,91,156
19,105,15,5,91,156
286,105,15,5,91,156
266,105,15,5,91,156
190,105,15,5,91,156
230,105,15,5,91,156
304,105,15,5,91,156
305,105,15,5,91,156
286,106,15,5,91,156
19,106,15,5,91,156
19,106,15,5,91,156
286,106,15,5,91,156
286,106,15,5,91,156
266,106,15,5,91,156
266,106,15,5,91,156
190,106,15,5,91,156
190,106,15,5,91,156
230,106,15,5,91,156
230,106,15,5,91,156
304,106,15,5,91,156
304,106,15,5,91,156
305,106,15,5,91,156
305,106,15,5,91,156
106,286,15,5,91,156
106,286,17,5,91,156
104,286,17,5,91,156
160,151,3,3,92,156
160,151,18,3,92,156
667,19,4,6,92,157
667,56,4,6,92,157
667,83,12,6,92,157
667,83,7,6,92,157
153,151,12,1,92,157
153,151,8,1,92,157
160,151,12,3,92,157
160,151,8,3,92,157
160,151,12,3,92,157
667,151,4,6,92,157
153,160,3,3,92,157
667,190,4,6,92,157
667,230,4,6,92,157
667,266,4,6,92,157
667,286,4,6,92,157
667,304,4,6,92,157
667,305,4,6,92,157
667,19,15,6,92,158
667,56,15,6,92,158
83,104,12,1,92,158
83,104,7,1,92,158
74,104,12,1,92,158
83,105,12,1,92,158
83,105,7,1,92,158
74,105,12,1,92,158
83,106,12,1,92,158
83,106,7,1,92,158
74,106,12,1,92,158
83,107,12,1,92,158
83,107,7,1,92,158
74,107,12,1,92,158
667,151,15,6,92,158
104,167,2,7,92,158
667,190,15,6,92,158
667,230,15,6,92,158
667,266,15,6,92,158
83,271,12,2,92,158
83,271,7,2,92,158
74,271,12,2,92,158
667,286,15,6,92,158
667,304,15,6,92,158
667,305,15,6,92,158
83,667,8,3,92,158
105,104,12,1,92,159
271,104,12,2,92,159
190,151,12,3,92,159
151,190,12,3,92,159
104,74,12,1,92,160
105,74,12,1,92,160
106,74,12,1,92,160
107,74,12,1,92,160
104,74,7,1,92,160
105,74,7,1,92,160
106,74,7,1,92,160
107,74,7,1,92,160
271,74,12,2,92,160
271,74,7,2,92,160
271,104,12,3,92,160
305,104,5,5,92,160
286,105,5,5,92,160
104,106,12,1,92,160
104,151,6,5,92,160
104,230,5,5,92,160
104,266,5,5,92,160
305,271,5,5,92,160
106,286,5,5,92,160
105,286,6,5,92,160
271,305,6,5,92,160
153,56,12,2,93,161
153,56,7,2,93,161
153,74,12,2,93,161
74,153,12,2,93,161
228,153,2,7,93,161
153,154,2,2,93,161
228,74,3,3,94,162
228,74,2,7,94,162
74,228,8,3,94,162
74,228,12,3,94,162
104,228,3,3,94,162
105,228,3,3,94,162
106,228,3,3,94,162
107,228,3,3,94,162
104,228,2,7,94,162
105,228,2,7,94,162
106,228,2,7,94,162
107,228,2,7,94,162
311,16,1,1,95,162
306,307,1,1,95,162
307,308,1,1,95,162
308,309,1,1,95,162
309,310,1,1,95,162
310,311,1,1,95,162
306,312,1,1,95,162
312,313,1,1,95,162
313,314,1,1,95,162
314,315,1,1,95,162
315,316,1,1,95,162
325,207,1,1,95,163
324,307,1,1,95,163
326,307,1,1,95,163
327,307,1,1,95,163
328,307,1,1,95,163
329,307,1,1,95,163
316,317,1,1,95,163
313,318,1,1,95,163
318,319,1,1,95,163
306,320,2,2,95,163
320,321,1,1,95,163
320,322,1,1,95,163
322,323,1,1,95,163
306,324,1,1,95,163
330,324,1,1,95,163
324,325,1,1,95,163
306,326,1,1,95,163
306,327,1,1,95,163
306,328,1,1,95,163
306,329,1,1,95,163
82,80,1,1,96,163
82,81,1,1,96,163
334,277,1,1,96,163
345,321,1,1,96,163
347,321,1,1,96,163
348,321,1,1,96,163
349,321,1,1,96,163
350,321,1,1,96,163
351,321,1,1,96,163
321,331,1,1,96,163
321,332,1,1,96,163
332,333,1,1,96,163
333,334,1,1,96,163
339,335,1,1,96,163
340,335,1,1,96,163
342,335,1,1,96,163
321,335,2,2,96,163
335,336,1,1,96,163
342,336,1,1,96,163
336,337,1,1,96,163
337,338,1,1,96,163
341,340,1,1,96,163
343,342,1,1,96,163
344,342,1,1,96,163
346,345,1,1,96,163
271,346,6,5,96,163
330,74,12,3,97,164
74,228,12,7,97,164
74,228,7,7,97,164
330,306,12,1,97,164
74,306,12,3,97,164
74,193,12,3,97,165
74,193,4,3,97,165
228,104,8,3,97,167
228,104,18,3,97,167
228,105,8,3,97,167
228,105,18,3,97,167
228,106,8,3,97,167
228,106,18,3,97,167
228,107,8,3,97,167
228,107,18,3,97,167
330,228,2,2,97,167
330,228,13,3,97,167
74,228,10,7,97,167
74,306,12,3,97,167
354,107,1,1,98,168
352,107,17,5,98,168
353,151,1,1,98,168
352,153,18,3,98,168
352,155,18,3,98,168
352,156,18,3,98,168
352,157,18,3,98,168
352,158,18,3,98,168
352,159,18,3,98,168
352,190,18,3,98,168
352,228,18,3,98,168
352,228,12,3,98,168
352,230,18,3,98,168
352,230,12,3,98,168
352,266,18,3,98,168
352,266,12,3,98,168
668,352,12,6,98,168
668,352,7,6,98,168
352,353,2,2,98,168
352,355,1,1,98,168
352,356,1,1,98,168
108,74,12,6,98,169
352,107,5,5,98,169
355,107,5,5,98,169
356,107,5,5,98,169
352,107,6,5,98,169
355,107,6,5,98,169
356,107,6,5,98,169
669,108,12,6,98,169
669,108,7,6,98,169
352,153,12,3,98,169
352,155,12,3,98,169
352,156,12,3,98,169
352,157,12,3,98,169
352,158,12,3,98,169
352,159,12,3,98,169
352,190,12,3,98,169
107,352,5,5,98,169
352,355,12,1,98,169
352,356,12,1,98,169
108,669,12,6,98,169
108,74,7,6,98,170
108,83,12,6,98,170
108,83,7,6,98,170
108,104,12,6,98,170
108,104,7,6,98,170
108,104,4,6,98,170
108,105,12,6,98,170
108,105,7,6,98,170
108,106,12,6,98,170
108,106,7,6,98,170
108,669,7,6,98,170
104,105,12,1,99,170
104,106,12,1,99,170
228,74,12,7,99,171
228,74,4,7,99,171
352,228,12,3,99,171
352,228,4,3,99,171
105,352,5,5,99,171
106,352,5,5,99,171
104,355,6,5,99,171
74,355,14,5,99,171
104,356,6,5,99,171
74,356,14,5,99,171
74,104,12,1,99,172
74,104,7,1,99,172
74,105,12,1,99,172
74,105,7,1,99,172
74,106,12,1,99,172
74,106,7,1,99,172
358,135,6,5,100,172
357,135,9,6,100,172
368,317,1,1,100,173
359,321,12,3,100,173
359,357,3,3,100,173
370,357,,5,100,173
321,359,12,3,100,173
321,359,18,3,100,173
321,359,3,3,100,173
369,359,,5,100,173
370,359,,5,100,173
359,360,1,1,100,173
359,361,3,3,100,173
321,361,18,3,100,173
321,361,3,3,100,173
369,361,,5,100,173
361,362,1,1,100,173
362,363,1,1,100,173
363,364,1,1,100,173
364,365,1,1,100,173
365,366,1,1,100,173
366,367,1,1,100,173
367,368,1,1,100,173
369,370,1,1,100,173
369,371,1,1,100,173
370,371,1,1,100,173
371,372,1,1,100,173
359,321,7,3,100,174
359,306,3,3,101,174
321,306,3,3,101,174
306,321,4,3,101,174
670,321,17,5,101,174
376,321,1,6,101,174
359,346,3,3,101,174
321,346,3,3,101,174
306,359,4,3,101,174
373,359,20,5,101,174
670,359,17,5,101,174
359,373,12,5,101,174
321,373,12,5,101,174
359,373,6,5,101,174
375,374,1,1,101,174
359,374,3,3,101,174
321,374,3,3,101,174
359,375,3,3,101,174
321,375,3,3,101,174
359,376,3,3,101,174
321,376,3,3,101,174
359,377,3,3,101,174
321,377,3,3,101,174
377,378,1,1,101,174
359,378,3,3,101,174
321,378,3,3,101,174
378,379,1,1,101,174
359,379,3,3,101,174
321,379,3,3,101,174
379,380,1,1,101,174
359,380,3,3,101,174
321,380,3,3,101,174
670,381,4,6,101,174
381,359,5,5,101,175
359,74,3,3,102,175
255,231,3,3,102,175
255,231,12,3,102,175
255,231,4,3,102,175
384,258,1,1,102,175
359,258,6,5,102,175
258,359,20,5,102,175
384,359,20,5,102,175
103,359,20,5,102,175
85,359,20,5,102,175
255,359,,5,102,175
361,381,6,5,102,175
359,382,3,3,102,175
382,383,1,1,102,175
359,385,3,3,102,175
386,361,1,1,102,176
671,361,12,3,102,176
671,361,7,3,102,176
361,386,1,1,102,176
671,386,3,3,102,176
74,359,4,3,102,177
673,359,4,3,102,177
672,359,,5,102,177
387,359,12,5,102,177
388,387,1,1,102,177
389,359,18,3,103,178
389,359,12,3,103,178
674,359,12,5,103,178
389,359,8,3,103,179
74,359,8,3,103,179
390,359,5,5,103,179
359,389,3,3,103,179
359,389,4,3,103,179
359,390,6,5,103,179
359,357,12,3,104,180
359,357,7,3,104,180
173,357,12,3,104,180
237,357,12,3,104,180
409,271,1,1,105,180
391,392,1,1,105,180
392,393,1,1,105,180
391,394,1,1,105,180
394,395,1,1,105,180
395,396,1,1,105,180
396,397,1,1,105,180
391,398,2,2,105,180
398,399,1,1,105,180
399,400,1,1,105,180
401,400,1,1,105,180
399,402,1,1,105,180
400,402,1,1,105,180
402,403,1,1,105,180
403,404,1,1,105,180
404,405,1,1,105,180
405,406,1,1,105,180
406,407,1,1,105,180
407,408,1,1,105,180
321,391,4,6,105,181
354,74,12,3,106,182
354,74,7,3,106,182
354,104,12,3,106,182
354,104,12,3,106,182
354,104,7,3,106,182
354,104,7,3,106,182
354,106,12,3,106,182
354,106,7,3,106,182
354,352,14,5,106,182
354,352,6,5,106,182
675,352,1,1,106,183
74,354,4,3,106,183
228,354,4,3,106,183
675,354,3,3,106,183
228,675,12,3,106,183
103,85,12,1,107,183
103,85,7,1,107,183
74,104,12,1,108,184
103,104,12,3,108,184
103,104,3,3,108,184
103,104,18,3,108,184
103,104,8,3,108,184
74,105,12,1,108,184
103,105,12,3,108,184
103,105,3,3,108,184
103,105,18,3,108,184
103,105,8,3,108,184
74,106,12,1,108,184
103,106,12,3,108,184
103,106,3,3,108,184
103,106,18,3,108,184
103,106,8,3,108,184
74,271,12,2,108,184
103,271,18,3,108,184
103,271,8,3,108,184
104,228,18,3,109,184
105,228,18,3,109,184
106,228,18,3,109,184
104,228,8,3,109,184
228,104,8,3,109,185
228,104,3,3,109,185
228,105,8,3,109,185
228,105,3,3,109,185
228,106,8,3,109,185
228,106,3,3,109,185
228,153,3,3,109,185
104,153,3,3,109,185
105,153,3,3,109,185
106,153,3,3,109,185
228,155,3,3,109,185
104,155,3,3,109,185
105,155,3,3,109,185
106,155,3,3,109,185
228,156,3,3,109,185
104,156,3,3,109,185
105,156,3,3,109,185
106,156,3,3,109,185
228,157,3,3,109,185
104,157,3,3,109,185
105,157,3,3,109,185
106,157,3,3,109,185
228,158,3,3,109,185
104,158,3,3,109,185
105,158,3,3,109,185
106,158,3,3,109,185
228,159,3,3,109,185
104,159,3,3,109,185
105,159,3,3,109,185
106,159,3,3,109,185
105,228,8,3,109,185
106,228,8,3,109,185
103,228,12,5,109,185
103,228,16,5,109,185
103,104,12,3,109,186
103,104,16,3,109,186
103,105,12,3,109,186
103,105,16,3,109,186
103,106,12,3,109,186
103,106,16,3,109,186
306,228,12,3,109,186
306,228,4,3,109,186
103,271,12,3,109,186
103,271,16,3,109,186
409,74,2,7,109,187
409,74,2,7,109,187
130,74,2,7,109,187
306,228,8,3,109,187
83,74,12,2,110,187
103,104,12,3,110,187
103,104,16,3,110,187
103,105,12,3,110,187
103,105,16,3,110,187
103,106,12,3,110,187
103,106,16,3,110,187
103,271,12,3,110,187
103,271,16,3,110,187
104,74,12,1,111,188
105,74,12,1,111,188
106,74,12,1,111,188
271,74,12,2,111,188
103,104,12,3,111,188
103,104,4,3,111,188
104,228,5,5,111,188
104,228,6,5,111,188
105,228,6,5,111,188
106,228,6,5,111,188
271,228,6,5,111,188
103,228,6,5,111,188
56,153,12,3,112,189
103,153,12,3,112,189
228,153,2,7,112,189
676,330,7,6,112,189
330,676,12,6,112,189
103,104,14,5,112,190
103,105,14,5,112,190
103,106,14,5,112,190
104,114,12,3,112,190
105,114,12,3,112,190
106,114,12,3,112,190
104,114,4,3,112,190
105,114,4,3,112,190
106,114,4,3,112,190
103,271,14,5,112,190
103,677,14,6,112,190
103,677,12,6,112,190
431,15,1,1,113,190
427,319,1,1,113,190
410,411,1,1,113,190
411,412,1,1,113,190
412,413,1,1,113,190
413,414,1,1,113,190
414,415,1,1,113,190
415,416,1,1,113,190
410,417,1,1,113,190
417,418,1,1,113,190
417,419,1,1,113,190
419,420,1,1,113,190
411,421,1,1,113,190
421,422,1,1,113,190
422,423,1,1,113,190
423,424,1,1,113,190
423,425,1,1,113,190
425,426,1,1,113,190
412,427,1,1,113,190
319,428,1,1,113,190
319,429,1,1,113,190
429,430,1,1,113,190
427,431,1,1,113,190
446,13,1,1,113,191
114,410,3,3,113,191
451,430,1,1,113,191
16,432,1,1,113,191
432,433,1,1,113,191
433,434,1,1,113,191
434,435,1,1,113,191
410,436,2,2,113,191
436,437,1,1,113,191
437,438,1,1,113,191
438,439,1,1,113,191
439,440,1,1,113,191
440,441,1,1,113,191
436,442,1,1,113,191
442,443,1,1,113,191
443,444,1,1,113,191
444,445,1,1,113,191
445,446,1,1,113,191
13,447,1,1,113,191
447,448,1,1,113,191
448,449,1,1,113,191
442,450,1,1,113,191
450,451,1,1,113,191
410,452,1,6,113,191
461,7,1,1,114,191
463,7,1,1,114,191
453,455,1,1,114,191
455,456,1,1,114,191
456,457,1,1,114,191
457,458,1,1,114,191
457,460,1,1,114,191
457,461,2,2,114,191
455,462,1,1,114,191
462,463,1,1,114,191
453,464,1,1,114,191
464,465,1,1,114,191
453,114,3,3,114,192
306,321,4,2,115,192
469,329,1,1,115,192
306,346,4,3,115,192
306,350,4,2,115,192
306,375,4,3,115,192
306,377,4,3,115,192
306,466,4,3,115,192
466,467,1,1,115,192
306,468,4,3,115,192
306,469,4,3,115,192
306,470,4,3,115,192
306,470,12,3,115,192
470,471,1,1,115,192
306,472,3,3,115,192
306,160,4,3,115,193
160,162,4,3,115,193
160,306,12,3,115,193
160,306,7,3,115,193
160,472,12,3,115,193
160,472,7,3,115,193
330,306,12,3,116,193
330,306,4,3,116,194
473,307,5,5,116,194
328,473,6,5,116,194
329,473,6,5,116,194
110,108,1,1,116,195
306,110,4,3,116,195
306,110,12,3,116,195
325,207,1,1,116,195
325,208,1,1,116,195
329,325,1,1,116,195
479,329,1,1,116,195
306,330,15,1,116,195
110,474,1,1,116,195
108,474,1,1,116,195
474,475,1,1,116,195
475,476,1,1,116,195
476,477,1,1,116,195
477,478,1,1,116,195
110,479,2,2,116,195
306,153,3,3,117,196
306,153,12,3,117,196
306,153,4,3,117,196
306,155,3,3,117,196
306,156,3,3,117,196
306,157,3,3,117,196
306,158,3,3,117,196
306,190,3,3,117,196
306,230,3,3,117,196
306,230,12,3,117,196
306,230,7,3,117,196
306,266,3,3,117,196
306,266,12,3,117,196
306,266,7,3,117,196
306,480,3,3,117,196
481,103,1,1,117,197
103,306,12,3,117,197
306,482,1,1,117,197
481,482,13,2,117,197
104,74,7,1,118,197
74,104,12,1,118,197
80,104,3,3,118,197
81,104,3,3,118,197
80,104,4,3,118,197
81,104,4,3,118,197
80,105,3,3,118,197
81,105,3,3,118,197
80,105,4,3,118,197
81,105,4,3,118,197
80,106,3,3,118,197
81,106,3,3,118,197
80,106,4,3,118,197
81,106,4,3,118,197
104,130,15,7,118,197
105,130,15,7,118,197
106,130,15,7,118,197
74,130,12,7,118,197
237,74,12,3,118,198
237,74,4,3,118,198
237,74,7,3,118,198
114,74,3,3,118,198
114,74,12,3,118,198
114,74,4,3,118,198
114,237,12,3,118,198
173,74,3,3,119,199
173,80,3,3,119,199
173,81,3,3,119,199
173,104,3,3,119,199
173,105,3,3,119,199
173,106,3,3,119,199
74,114,12,3,119,199
104,114,12,3,119,199
105,114,12,3,119,199
106,114,12,3,119,199
173,114,3,3,119,199
173,130,3,3,119,199
114,173,4,3,119,199
114,193,4,3,119,199
173,271,3,3,119,199
306,321,12,3,119,199
193,104,15,5,119,200
453,104,15,6,119,200
193,246,6,5,119,200
114,453,4,3,119,200
193,483,3,3,119,200
484,104,15,5,119,201
494,484,1,1,119,201
114,484,4,3,119,201
484,485,1,1,119,201
485,486,1,1,119,201
486,487,1,1,119,201
487,488,1,1,119,201
488,489,1,1,119,201
489,490,6,5,119,201
484,491,1,1,119,201
491,492,1,1,119,201
492,493,1,1,119,201
496,114,15,5,119,202
497,114,15,5,119,202
104,114,12,6,119,202
496,391,1,1,119,202
496,398,1,1,119,202
114,410,4,3,119,202
496,498,3,3,119,202
496,678,6,5,119,202
114,104,12,3,120,203
114,496,4,3,120,203
496,104,15,5,120,204
496,104,17,5,120,204
104,496,15,5,120,204
104,496,5,5,120,204
114,74,7,3,120,205
410,74,3,3,120,205
114,74,7,3,120,205
410,80,3,3,120,205
410,81,3,3,120,205
410,104,3,3,120,205
410,105,3,3,120,205
410,106,3,3,120,205
410,114,3,3,120,205
410,130,3,3,120,205
410,271,3,3,120,205
410,499,1,1,120,205
410,499,12,1,120,205
114,103,12,6,121,205
114,130,12,3,121,205
237,130,12,3,121,205
114,173,12,3,121,205
114,237,12,3,121,205
114,499,12,3,121,205
153,104,14,5,121,206
155,104,14,5,121,206
156,104,14,5,121,206
157,104,14,5,121,206
158,104,14,5,121,206
153,105,14,5,121,206
155,105,14,5,121,206
156,105,14,5,121,206
157,105,14,5,121,206
158,105,14,5,121,206
153,106,14,5,121,206
155,106,14,5,121,206
156,106,14,5,121,206
157,106,14,5,121,206
158,106,14,5,121,206
153,271,14,5,121,206
155,271,14,5,121,206
156,271,14,5,121,206
157,271,14,5,121,206
158,271,14,5,121,206
130,306,12,6,121,206
130,306,7,6,121,206
306,74,3,3,122,207
74,114,4,3,122,207
74,153,12,3,122,207
74,153,3,3,122,207
74,155,12,3,122,207
74,155,3,3,122,207
74,156,12,3,122,207
74,156,3,3,122,207
74,157,12,3,122,207
74,157,3,3,122,207
74,158,12,3,122,207
74,158,3,3,122,207
74,159,12,3,122,207
74,160,12,3,122,207
306,160,4,3,122,207
74,162,12,3,122,207
306,162,4,3,122,207
74,173,12,3,122,207
74,173,4,3,122,207
74,237,4,3,122,207
500,306,1,1,122,207
74,306,12,3,122,207
173,306,12,3,122,207
499,306,12,3,122,207
162,306,12,3,122,207
321,306,12,3,122,207
321,306,4,3,122,207
74,306,3,3,122,207
500,306,1,6,122,207
74,321,12,3,122,207
306,321,4,3,122,207
306,376,4,3,122,207
306,377,4,3,122,207
74,410,4,3,122,207
74,453,4,3,122,207
306,468,4,3,122,207
74,499,12,3,122,207
74,499,4,3,122,207
321,500,4,3,122,207
500,501,6,5,122,207
410,173,12,3,123,208
321,173,12,3,123,208
453,410,12,3,123,208
321,410,12,3,123,208
173,453,12,3,123,208
321,453,12,3,123,208
321,74,12,3,123,209
74,104,12,1,123,209
74,105,12,1,123,209
74,106,12,1,123,209
321,306,12,3,123,209
306,74,15,5,123,210
306,74,17,5,123,210
306,104,17,5,123,210
306,104,12,6,123,210
306,105,17,5,123,210
306,106,17,5,123,210
104,306,15,5,123,210
74,104,12,1,123,211
74,105,12,1,123,211
74,106,12,1,123,211
410,173,12,3,123,211
453,173,12,3,123,211
410,237,12,3,123,211
453,237,12,3,123,211
173,237,12,3,123,211
410,453,12,3,123,211
306,153,12,3,124,211
306,153,4,3,124,211
306,155,12,3,124,211
306,155,4,3,124,211
306,156,12,3,124,211
306,156,4,3,124,211
306,157,12,3,124,211
306,157,4,3,124,211
306,158,12,3,124,211
306,158,4,3,124,211
306,266,4,3,124,211
266,306,12,3,124,211
346,306,3,3,124,211
509,266,1,1,124,212
502,306,3,3,124,212
503,306,3,3,124,212
504,306,3,3,124,212
375,306,3,3,124,212
468,306,3,3,124,212
506,306,3,3,124,212
328,306,3,3,124,212
329,306,3,3,124,212
153,306,3,3,124,212
156,306,3,3,124,212
155,306,3,3,124,212
157,306,3,3,124,212
230,306,3,3,124,212
266,306,3,3,124,212
509,306,3,3,124,212
110,306,3,3,124,212
510,306,3,3,124,212
153,306,10,3,124,212
508,306,1,6,124,212
503,467,1,1,124,212
504,505,1,1,124,212
506,507,1,1,124,212
271,74,4,2,124,213
108,110,12,1,124,213
74,110,4,3,124,213
74,271,12,2,124,213
108,74,12,3,124,214
108,74,7,3,124,214
511,104,7,6,124,214
104,511,12,6,124,214
83,511,2,7,124,214
513,512,1,1,125,214
513,237,12,3,125,215
513,512,12,1,125,215
513,512,7,1,125,215
679,105,1,1,127,216
681,105,7,6,127,216
680,106,1,1,127,216
681,106,7,6,127,216
105,681,12,6,127,216
106,681,12,6,127,216
83,682,12,3,127,216
105,74,12,1,127,217
106,74,12,1,127,217
105,74,7,1,127,217
106,74,7,1,127,217
74,682,12,3,127,217
104,682,12,3,127,217
74,104,12,1,128,217
74,105,12,1,128,217
74,106,12,1,128,217
306,230,12,3,128,217
74,271,12,2,128,217
106,104,12,1,128,218
106,105,12,1,128,218
106,271,12,2,128,218
104,271,12,2,128,218
271,104,12,2,128,219
502,104,5,5,128,219
104,502,6,5,128,219
104,230,12,5,129,219
346,306,4,3,129,219
113,106,4,3,129,220
74,133,12,2,129,220
74,306,12,5,129,220
74,683,4,3,129,220
306,74,4,3,129,221
306,83,4,3,129,221
306,106,6,5,129,221
83,409,12,1,129,221
74,684,12,3,129,221
271,104,12,2,129,222
104,105,12,1,129,222
684,153,12,6,129,222
684,153,7,6,129,222
104,271,12,2,129,222
306,105,6,5,130,223
104,266,12,5,130,223
104,266,5,5,130,223
306,74,6,5,130,224
306,83,6,5,130,224
306,104,6,5,130,224
514,151,1,1,130,224
514,151,1,6,130,224
514,153,1,1,130,224
514,153,1,6,130,224
514,155,1,1,130,224
514,155,1,6,130,224
514,156,1,1,130,224
514,156,1,6,130,224
514,157,1,1,130,224
514,157,1,6,130,224
514,158,1,1,130,224
514,158,1,6,130,224
514,159,1,1,130,224
514,159,1,6,130,224
515,167,1,1,130,224
515,169,1,1,130,224
516,271,4,3,130,224
514,306,12,6,130,224
514,306,7,6,130,224
306,409,6,5,130,224
306,514,7,6,130,224
306,515,6,5,130,224
514,516,,4,130,224
230,306,12,3,130,225
306,110,12,5,130,226
306,110,17,5,130,226
306,110,5,5,130,226
110,306,5,5,130,226
517,328,1,1,130,226
306,514,12,6,130,226
110,517,6,5,130,226
271,103,12,3,131,227
271,103,7,3,131,227
271,103,4,3,131,227
271,110,12,3,131,227
271,237,12,3,131,227
110,237,12,3,131,227
271,237,7,3,131,227
271,237,7,3,131,227
110,271,7,3,131,227
271,516,12,3,131,227
685,82,12,3,131,228
685,82,7,3,131,228
237,103,12,3,131,228
82,271,18,3,131,228
82,271,4,3,131,228
82,271,3,3,131,228
237,271,18,3,131,228
306,153,12,3,131,229
306,155,12,3,131,229
306,156,12,3,131,229
306,157,12,3,131,229
306,158,12,3,131,229
306,159,12,3,131,229
271,237,12,3,132,229
271,237,4,3,132,229
237,271,12,3,132,230
271,80,3,3,132,231
271,81,3,3,132,231
271,82,3,3,132,231
271,103,3,3,132,231
237,110,4,3,132,231
271,114,7,3,132,231
114,173,4,3,132,231
271,173,3,3,132,231
271,237,3,3,132,231
114,271,18,3,132,231
114,271,12,3,132,231
114,271,4,3,132,231
114,271,3,3,132,231
130,306,17,5,132,231
114,682,18,3,132,231
306,153,12,3,133,232
306,375,12,3,133,232
522,306,3,3,134,234
522,306,12,3,134,234
306,321,12,2,134,234
306,321,4,2,134,234
306,522,8,3,134,234
306,522,4,3,134,234
522,523,2,2,134,234
523,524,1,1,134,234
339,336,1,1,134,235
534,339,1,1,134,235
535,339,1,1,134,235
533,410,1,1,134,235
532,524,1,1,134,235
306,524,3,3,134,235
306,524,4,3,134,235
529,525,1,1,134,235
306,525,3,3,134,235
306,525,4,3,134,235
525,526,1,1,134,235
526,527,1,1,134,235
527,528,1,1,134,235
306,529,3,3,134,235
306,529,4,3,134,235
306,530,3,3,134,235
306,530,4,3,134,235
530,531,1,1,134,235
524,533,2,2,134,235
306,534,12,3,134,235
534,535,1,1,134,235
306,535,12,3,134,235
534,536,1,1,134,235
535,536,1,1,134,235
536,537,1,1,134,235
343,306,8,3,134,236
547,338,1,1,134,236
306,343,12,3,134,236
306,343,4,3,134,236
306,343,3,3,134,236
549,486,1,1,134,236
306,532,12,3,134,236
306,532,4,3,134,236
306,532,3,3,134,236
306,534,8,3,134,236
306,534,3,3,134,236
306,535,8,3,134,236
306,535,3,3,134,236
534,536,12,1,134,236
535,536,12,1,134,236
532,538,1,1,134,236
538,539,1,1,134,236
539,540,1,1,134,236
540,541,1,1,134,236
541,542,1,1,134,236
542,543,1,1,134,236
532,544,1,1,134,236
538,545,1,1,134,236
545,546,1,1,134,236
546,547,1,1,134,236
532,548,2,2,134,236
548,549,1,1,134,236
321,306,8,2,134,237
530,306,8,3,134,237
306,321,12,2,134,237
306,530,12,3,134,237
271,173,12,3,135,237
271,82,12,3,135,238
271,82,7,3,135,238
173,271,7,3,135,238
271,103,12,3,135,239
82,103,12,3,135,239
271,103,4,3,135,239
271,103,17,3,135,239
103,306,14,5,135,239
103,686,14,4,135,239
103,82,3,3,135,240
103,271,3,3,135,240
271,114,12,3,135,241
271,114,7,3,135,241
375,114,19,6,136,242
306,114,12,6,136,242
114,306,5,5,136,242
114,306,12,6,136,242
114,306,18,6,136,242
114,687,3,3,136,242
114,687,12,3,136,242
321,306,12,3,136,243
114,82,7,3,137,243
82,114,12,3,137,243
552,463,1,1,138,244
306,532,12,3,138,244
306,532,4,3,138,244
520,550,1,1,138,244
550,551,1,1,138,244
551,552,1,1,138,244
551,553,1,1,138,244
553,554,1,1,138,244
554,555,1,1,138,244
555,556,1,1,138,244
532,306,7,3,138,245
557,306,3,3,138,245
558,306,3,3,138,245
559,306,3,3,138,245
560,306,3,3,138,245
562,306,3,3,138,245
688,306,3,3,138,245
532,557,12,3,138,245
532,557,4,3,138,245
532,557,3,3,138,245
532,558,12,3,138,245
532,558,4,3,138,245
532,558,3,3,138,245
532,559,12,3,138,245
532,559,4,3,138,245
532,559,3,3,138,245
532,560,12,3,138,245
532,560,4,3,138,245
532,560,3,3,138,245
560,561,1,1,138,245
532,562,12,3,138,245
532,562,4,3,138,245
532,562,3,3,138,245
562,563,1,1,138,245
306,688,4,3,138,245
306,688,15,3,138,245
532,306,12,3,138,246
532,520,12,3,138,246
306,520,12,3,138,246
522,520,12,3,138,246
532,520,4,3,138,246
306,520,4,3,138,246
520,306,3,3,138,247
520,453,12,3,138,247
522,520,4,3,138,247
306,520,8,3,138,247
520,522,3,3,138,247
520,532,3,3,138,247
453,520,7,3,138,248
114,82,12,3,139,248
271,82,12,3,139,248
173,82,12,3,139,248
237,82,12,3,139,248
114,103,12,3,139,248
271,103,12,3,139,248
173,103,12,3,139,248
237,103,12,3,139,248
82,103,12,3,139,248
114,173,12,3,139,248
271,173,12,3,139,248
114,237,12,3,139,248
271,237,12,3,139,248
173,237,12,3,139,248
114,271,12,3,139,248
193,114,15,6,139,249
193,173,15,6,139,249
173,193,12,3,139,249
237,193,12,3,139,249
271,193,12,3,139,249
114,193,12,3,139,249
82,193,12,3,139,249
80,193,12,3,139,249
81,193,12,3,139,249
114,193,4,3,139,249
173,193,4,6,139,249
453,114,7,3,139,250
453,173,7,3,139,250
173,453,12,3,139,250
237,453,12,3,139,250
271,453,12,3,139,250
114,453,12,3,139,250
82,453,12,3,139,250
80,453,12,3,139,250
81,453,12,3,139,250
114,453,4,3,139,250
173,453,4,3,139,250
453,114,3,3,139,251
453,173,3,3,139,251
410,80,3,3,140,251
410,80,4,3,140,251
410,81,3,3,140,251
410,81,4,3,140,251
410,82,3,3,140,251
410,82,4,3,140,251
410,114,3,3,140,251
410,114,4,3,140,251
410,173,3,3,140,251
410,173,4,3,140,251
565,193,1,1,140,251
410,237,3,3,140,251
410,237,4,3,140,251
410,271,3,3,140,251
410,271,4,3,140,251
173,410,12,3,140,251
237,410,12,3,140,251
271,410,12,3,140,251
114,410,12,3,140,251
82,410,12,3,140,251
80,410,12,3,140,251
81,410,12,3,140,251
564,410,2,7,140,251
410,564,2,7,140,251
410,564,12,7,140,251
566,410,1,1,140,252
565,566,2,2,140,252
103,306,14,5,141,252
80,153,14,5,141,253
80,155,14,5,141,253
80,156,14,5,141,253
80,157,14,5,141,253
80,158,14,5,141,253
80,159,14,5,141,253
81,190,14,5,141,253
271,230,14,5,141,253
271,266,14,5,141,253
271,346,14,5,141,253
82,375,14,5,141,253
81,468,14,5,141,253
114,504,14,5,141,253
567,510,1,1,141,253
81,510,14,5,141,253
114,518,14,5,141,253
114,519,14,5,141,253
114,567,14,5,141,253
520,306,12,3,141,254
520,306,7,3,141,254
306,326,4,1,141,254
306,563,4,3,141,254
306,563,3,3,141,254
103,569,14,6,142,253
103,570,14,6,142,253
103,571,14,6,142,253
306,520,12,3,142,255
306,153,12,3,142,258
114,103,12,3,142,259
689,103,7,6,142,259
689,114,7,6,142,259
689,130,4,6,142,259
130,689,7,6,142,259
689,103,7,6,142,260
689,114,7,6,142,260
689,130,4,6,142,260
306,520,12,3,142,260
130,689,7,6,142,260
114,103,12,3,142,261
689,130,4,6,142,261
520,153,12,3,142,261
520,155,12,3,142,261
520,156,12,3,142,261
520,157,12,3,142,261
520,158,12,3,142,261
520,159,12,3,142,261
690,193,4,6,142,261
690,306,7,6,142,261
690,520,7,6,142,261
130,689,7,6,142,261
193,690,7,6,142,261
689,103,7,6,142,262
689,114,7,6,142,262
343,193,4,3,142,262
343,306,7,3,142,262
193,343,7,3,142,262
306,520,12,3,142,262
343,520,7,3,142,262
686,306,14,6,142,263
306,520,12,3,142,263
689,103,7,6,144,265
689,114,7,6,144,265
689,130,4,6,144,265
103,306,14,5,144,265
103,520,14,5,144,265
130,689,7,6,144,265
520,103,14,5,144,266
520,114,14,5,144,266
520,306,12,3,144,266
691,306,14,6,144,267
103,691,14,6,144,267
173,103,12,3,144,269
173,103,12,3,144,269
173,114,12,3,144,269
520,306,12,3,144,269
271,114,12,3,145,270
689,130,4,6,145,270
522,271,5,5,145,270
530,271,5,5,145,270
518,306,1,1,145,270
693,306,3,3,145,270
130,518,6,5,145,270
271,519,6,5,145,270
271,522,5,5,145,270
271,693,6,5,145,270
114,153,5,5,145,271
130,153,5,5,145,271
237,153,5,5,145,271
173,153,5,5,145,271
114,155,5,5,145,271
130,155,5,5,145,271
237,155,5,5,145,271
173,155,5,5,145,271
114,156,5,5,145,271
130,156,5,5,145,271
237,156,5,5,145,271
173,156,5,5,145,271
114,157,5,5,145,271
130,157,5,5,145,271
237,157,5,5,145,271
173,157,5,5,145,271
114,158,5,5,145,271
130,158,5,5,145,271
237,158,5,5,145,271
173,158,5,5,145,271
114,159,5,5,145,271
130,159,5,5,145,271
237,159,5,5,145,271
173,159,5,5,145,271
532,271,5,5,145,271
114,306,5,5,145,271
130,306,5,5,145,271
237,306,5,5,145,271
173,306,5,5,145,271
271,343,5,5,145,271
573,410,1,1,145,271
82,522,5,5,145,271
271,530,5,5,145,271
696,532,19,3,145,271
271,532,5,5,145,271
82,535,6,5,145,271
573,572,5,5,145,271
410,673,5,5,145,271
103,673,5,5,145,271
82,673,5,5,145,271
410,694,5,5,145,271
103,694,5,5,145,271
82,694,5,5,145,271
410,695,5,5,145,271
103,695,5,5,145,271
82,695,5,5,145,271
271,696,5,5,145,271
453,306,12,3,145,272
453,306,7,3,145,272
321,350,12,1,145,272
130,114,12,1,145,273
114,193,5,5,145,273
578,306,5,5,145,273
576,343,15,6,145,273
577,410,3,3,145,273
522,576,6,5,145,273
306,577,6,5,145,273
576,673,15,6,145,273
321,114,12,3,145,274
271,193,15,5,145,274
82,271,7,3,145,274
193,271,15,5,145,274
271,321,12,5,145,274
82,321,12,5,145,274
271,520,6,5,145,274
321,453,4,3,145,275
453,114,4,3,145,276
453,173,4,3,145,276
306,173,12,6,145,276
173,306,12,6,145,276
114,453,12,3,145,276
80,453,12,3,145,276
81,453,12,3,145,276
410,453,12,3,145,276
173,453,12,3,145,276
237,453,12,3,145,276
306,153,12,3,145,277
306,155,12,3,145,277
306,156,12,3,145,277
306,157,12,3,145,277
306,158,12,3,145,277
306,159,12,3,145,277
82,271,18,3,145,277
173,410,18,3,145,277
237,410,18,3,145,277
114,410,18,3,145,277
173,410,8,3,145,277
237,410,8,3,145,277
114,410,8,3,145,277
271,410,8,3,145,277
82,410,8,3,145,277
114,453,8,3,145,277
271,82,12,3,146,278
697,271,7,6,146,278
271,697,12,6,146,278
698,82,12,3,146,279
698,82,7,3,146,279
699,82,6,5,146,279
82,155,5,5,146,279
82,155,5,5,146,279
82,271,12,3,146,279
156,271,5,5,146,279
509,271,5,5,146,279
567,82,5,5,146,280
271,156,6,5,146,280
271,190,5,5,146,280
190,271,5,5,146,280
271,509,6,5,146,280
82,567,5,5,146,280
271,567,6,5,146,280
306,153,12,3,146,281
321,153,12,3,146,281
306,155,12,3,146,281
321,155,12,3,146,281
306,157,12,3,146,281
321,157,12,3,146,281
306,158,12,3,146,281
321,158,12,3,146,281
306,159,12,3,146,281
321,159,12,3,146,281
153,306,12,3,146,281
155,306,12,3,146,281
157,306,12,3,146,281
158,306,12,3,146,281
159,306,12,3,146,281
321,306,7,3,146,281
579,321,1,1,146,281
306,321,12,3,146,281
306,321,4,3,146,281
321,230,12,3,146,282
321,266,12,3,146,282
321,82,12,3,147,282
321,271,12,3,147,282
700,321,7,3,147,282
321,700,12,3,147,282
271,82,12,3,147,283
82,153,3,3,147,283
82,155,3,3,147,283
82,157,3,3,147,283
82,158,3,3,147,283
82,159,3,3,147,283
82,306,3,3,147,283
321,306,12,3,147,283
321,306,7,3,147,283
82,306,12,3,147,283
82,321,8,3,147,283
271,321,8,3,147,283
82,321,12,3,147,283
586,61,1,1,148,284
271,82,4,3,148,284
82,271,12,3,148,284
82,271,7,3,148,284
580,581,1,1,148,284
581,582,1,1,148,284
580,583,2,2,148,284
583,584,1,1,148,284
584,585,1,1,148,284
583,586,1,1,148,284
583,271,7,3,148,285
583,580,15,2,148,285
271,580,3,3,148,285
271,580,12,3,148,285
271,580,4,3,148,285
306,587,12,3,149,286
306,587,4,3,149,286
580,153,16,5,149,287
580,155,16,5,149,287
580,157,16,5,149,287
580,158,16,5,149,287
580,159,16,5,149,287
230,271,17,5,149,287
153,306,12,3,149,287
155,306,12,3,149,287
157,306,12,3,149,287
158,306,12,3,149,287
159,306,12,3,149,287
153,580,12,6,149,287
155,580,12,6,149,287
157,580,12,6,149,287
158,580,12,6,149,287
159,580,12,6,149,287
580,271,12,3,149,288
580,583,12,2,149,288
583,580,15,2,150,288
271,580,12,3,150,288
271,580,12,3,150,288
583,153,16,5,150,289
583,155,16,5,150,289
583,157,16,5,150,289
583,158,16,5,150,289
583,159,16,5,150,289
468,271,5,5,150,289
230,271,5,5,150,289
271,468,6,5,150,289
271,580,12,3,150,289
153,583,12,6,150,289
155,583,12,6,150,289
157,583,12,6,150,289
158,583,12,6,150,289
159,583,12,6,150,289
701,153,3,3,150,290
701,155,3,3,150,290
701,157,3,3,150,290
701,158,3,3,150,290
701,159,3,3,150,290
271,190,6,5,150,290
271,230,5,5,150,290
701,271,5,5,150,290
190,271,5,5,150,290
504,271,5,5,150,290
271,504,6,5,150,290
271,588,6,5,150,290
580,701,5,5,150,290
271,701,6,5,150,290
271,702,7,6,150,290
580,702,7,6,150,290
271,580,12,3,151,291
271,580,12,3,151,291
271,153,12,3,151,292
375,271,5,5,151,292
590,271,5,5,151,292
591,271,5,5,151,292
153,271,5,5,151,292
153,306,12,3,151,292
153,306,4,3,151,292
580,375,5,5,151,292
271,375,6,5,151,292
590,580,5,5,151,292
591,580,5,5,151,292
590,589,1,1,151,292
591,589,1,1,151,292
271,590,6,5,151,292
271,591,6,5,151,292
271,82,12,3,152,293
580,82,12,3,152,293
271,82,4,3,152,293
580,271,12,3,152,293
580,271,4,3,152,293
271,583,12,3,152,293
580,82,3,3,152,294
271,114,12,3,152,294
271,114,7,3,152,294
271,173,12,3,152,294
271,173,7,3,152,294
173,271,8,3,152,294
82,580,4,3,152,294
271,592,3,3,152,294
271,592,4,3,152,294
347,273,3,3,153,295
347,273,12,3,153,295
347,273,19,3,153,295
306,273,3,3,153,295
306,273,12,6,153,295
306,273,7,6,153,295
347,306,19,2,153,295
273,306,3,3,153,295
273,306,5,5,153,295
593,271,7,3,154,296
593,271,3,3,154,296
273,279,18,2,154,296
593,592,7,3,154,296
271,593,12,3,154,296
592,593,12,3,154,296
594,595,1,1,154,296
594,596,1,1,154,296
601,597,1,1,154,296
602,597,1,1,154,296
603,597,1,1,154,296
596,597,2,2,154,296
599,597,2,7,154,296
597,598,1,1,154,296
599,600,1,1,154,296
594,273,4,3,154,297
596,597,,5,154,297
594,597,,5,154,297
594,266,12,6,155,297
271,266,12,5,155,298
271,266,6,5,155,298
306,271,19,5,155,298
594,273,12,3,155,298
594,273,4,3,155,298
271,273,12,5,155,298
271,604,3,3,155,298
592,604,3,3,155,298
593,604,3,3,155,298
606,594,3,3,155,299
594,596,12,1,155,299
594,596,7,1,155,299
273,596,13,2,155,299
606,596,13,2,155,299
606,605,4,7,155,299
594,606,4,3,155,299
605,597,3,3,156,300
606,605,,5,156,300
606,605,2,7,156,300
606,605,12,7,156,300
606,605,4,7,156,300
605,606,7,7,156,300
605,597,7,3,156,301
607,273,3,3,157,301
608,273,3,3,157,301
606,273,3,3,157,301
598,273,,5,157,301
605,273,,5,157,301
601,273,,5,157,301
602,273,,5,157,301
603,273,,5,157,301
599,273,,5,157,301
306,279,3,3,157,301
598,594,,5,157,301
605,594,,5,157,301
601,594,,5,157,301
602,594,,5,157,301
603,594,,5,157,301
599,594,,5,157,301
703,596,12,6,157,301
594,597,,5,157,301
273,597,,5,157,301
606,597,,5,157,301
598,606,,5,157,301
605,606,,5,157,301
601,606,,5,157,301
602,606,,5,157,301
603,606,,5,157,301
599,606,,5,157,301
703,606,12,6,157,301
704,273,3,3,157,302
705,273,3,3,157,302
273,347,12,3,157,302
609,347,12,3,157,302
599,347,12,5,157,302
273,599,5,5,157,302
598,606,5,5,157,302
273,607,12,3,157,302
599,704,6,5,157,302
599,705,6,5,157,302
606,597,6,5,157,303
603,606,19,5,157,303
603,606,5,5,157,303
598,606,5,5,157,303
599,606,5,5,157,303
598,606,6,5,157,303
607,279,12,3,157,308
607,279,7,3,157,308
279,306,12,3,157,308
607,306,12,3,157,308
607,306,7,3,157,308
279,306,8,3,157,308
706,271,12,6,158,308
706,271,7,6,158,308
271,604,12,3,158,308
346,707,13,2,158,308
271,346,6,5,158,309
265,306,8,3,158,
271,616,3,3,158,
617,161,1,1,159,310
618,161,1,1,159,310
619,161,1,1,159,310
409,161,1,1,159,310
617,271,1,1,159,310
618,271,1,1,159,310
619,271,1,1,159,310
620,271,1,1,159,310
621,271,1,1,159,310
622,271,1,1,159,310
620,330,1,1,159,310
621,330,1,1,159,310
622,330,1,1,159,310
623,622,1,1,159,310
306,271,18,3,,
271,306,12,3,,
271,306,3,3,,
271,330,2,2,,